1,0,275354241641213,275;354;241;6;41;213
1,1,35224044295167,352;240;44;295;167
1,2,313633,31;36;33
1,3,2512139234,251;213;9;234
1,4,411531217639,41;15;312;176;39
1,5,13243347,132;43;347
1,6,170144280269,170;1;44;280;269
1,7,259224425125,2;59;224;42;51;25
1,8,31022356,3;10;223;56
1,9,1062316,106;23;16
1,10,3262110936,3;262;1;109;36
1,11,2151724815838,21;5;17;24;8;158;38
1,12,362614,36;26;14
1,13,0627,0;6;27
1,14,32729817226912,327;298;172;269;12
1,15,205744368363308,20;57;44;368;36;330;8
1,16,46307,46;307
1,17,34931526,349;315;26
1,18,133149,133;149
1,19,152216257166118,152;216;257;166;118
1,20,211172192315372265,21;117;219;23;15;372;265
1,21,211331,211;331
1,22,121223652532750,121;22;36;52;53;27;50
1,23,24533336253,245;33;336;253
2,24,2051095123,205;109;51;23
2,25,126191373052711,126;19;137;305;27;11
2,26,24115254,241;15;254
2,27,21263565354,21;263;56;53;54
2,28,152116341925,152;1;163;41;9;25
2,29,320289244,3;20;289;244
2,30,021431323313248348,0;214;31;323;313;248;348
2,31,301699254,30;169;9;254
2,32,30513654190142,30;51;36;54;190;142
2,33,21221012331417834157,212;210;123;314;178;34;157
2,34,30117210625,301;172;106;25
2,35,059,0;59
2,36,4229513,42;295;13
2,37,116213137338103,116;213;137;33;8;103
2,38,277363169181878,277;363;169;18;187;8
2,39,20595835940,20;59;58;359;40
2,40,49300147442314265,49;300;147;44;23;14;265
2,41,191333650,19;13;336;50
2,42,338441917351311,338;44;19;173;51;311
2,43,359454345,3;59;4;54;345
2,44,49227152615627,49;227;15;26;156;27
2,45,2142439,21;4;24;39
2,46,1837,18;37
2,47,4351231333829,43;51;231;33;38;29
2,48,4033310,40;33;310
2,49,132626292,1;326;26;292
2,50,2429012,24;290;12
2,51,31031165,3;10;31;165
2,52,57258156273,57;258;156;273
2,53,111,1;11
2,54,21203112245826,21;203;112;245;8;26
2,55,201953829237,20;19;53;8;292;37
2,56,357279241235321,357;279;241;235;321
2,57,3222938,322;29;38
2,58,35248183327150,352;48;18;33;271;50
2,59,25245613710639,252;45;6;137;106;39
2,60,2504639,250;46;39
2,61,3924216628519350,3;9;242;166;285;193;50
3,62,5815131,58;15;131
3,63,35340,353;40
3,64,378300319479259,378;300;319;47;9;259
3,65,5837411038,58;374;110;38
3,66,1711121374109148,171;1;121;374;109;148
3,67,203176,203;176
3,68,2775616,277;56;16
3,69,327244,327;244
3,70,48136,48;136
3,71,4910208,49;10;208
3,72,32814953342614,328;149;53;34;26;14
3,73,4613711,46;137;11
3,74,2055691626,205;56;9;16;26
3,75,23450,234;50
3,76,17110317177218,171;1;0;317;177;218
3,77,365204261,365;204;261
4,78,491142244221327,49;114;224;42;213;27
4,79,113348,113;348
4,80,2975731434117954,297;57;314;341;17;9;54
4,81,018209,0;18;209
4,82,3693733932026514138,369;373;39;320;265;141;38
4,83,3554726738,355;47;267;38
4,84,59740351720811,59;7;40;35;17;208;11
4,85,275204102253337253,275;204;10;22;53;337;253
4,86,37411,374;11
4,87,5735325247347348,57;35;325;247;347;348
4,88,117300146,117;300;1;46
4,89,4432954,44;329;54
4,90,222282,222;282
4,91,4947299412919011,49;47;299;4;129;190;11
4,92,105267,105;267
4,93,1141453181524313,114;145;318;15;24;313
4,94,218122295,2;181;22;295
4,95,239338150122221725,239;338;150;122;22;17;25
4,96,4538,45;38
4,97,161015295218331,161;0;15;295;218;331
4,98,21035413647269,2;10;354;136;47;269
4,99,27651306347,276;51;306;347
4,100,2333,23;33
4,101,339554054,339;55;40;54
4,102,13630431422341158,136;304;314;22;341;158
4,103,260421482985637282,260;42;148;298;56;37;282
4,104,4923312295,49;23;312;295
4,105,17826913129118154,178;269;13;129;118;154
4,106,143202541612,143;202;54;16;12
4,107,178360,178;360
4,108,235550,2;355;50
4,109,46234284,46;234;284
4,110,4357370916,43;57;370;9;16
4,111,1253231157,125;32;31;157
4,112,442237,44;22;37
5,113,37635242209,376;35;242;209
5,114,32368299330,32;368;299;330
5,115,353222293191,353;222;293;191
5,116,3850,38;50
5,117,5152120,51;52;120
5,118,1522228017638,152;22;280;176;38
5,119,1474453312,147;44;53;312
5,120,27154119,27;154;119
5,121,262203186553518269,262;203;186;55;35;18;269
5,122,20314515059115302,203;145;150;59;115;302
5,123,581527,58;15;27
5,124,30044431128168,300;44;4;311;28;168
5,125,20517232613,205;172;326;13
5,126,2019830425292,20;198;304;25;292
5,127,1574217823,1;57;42;178;23
5,128,1785312923837167,178;53;129;238;37;167
5,129,318,31;8
5,130,327425254346,327;42;52;54;346
5,131,19940308,199;40;308
5,132,2604518455157255,260;45;184;55;157;255
5,133,13276225253,132;7;6;22;52;53
6,134,4813258111426714,48;132;58;111;4;267;14
6,135,3278758160238,3;278;7;58;160;238
6,136,48112,48;112
6,137,35424553,354;245;53
6,138,494613,49;46;13
6,139,227242,227;242
6,140,3004751331,300;47;51;331
6,141,48150423042702614,48;150;42;304;270;26;14
6,142,37816253334,3;7;8;16;253;334
6,143,264335,264;335
6,144,1433496913130,143;349;6;9;13;130
6,145,215917913139322,21;59;179;131;39;322
6,146,48111,48;111
6,147,10293326,10;293;326
6,148,36632,366;32
6,149,3484714920121914,3;48;47;149;201;219;14
6,150,493780459266,49;378;0;45;9;266
6,151,2147230,21;47;230
6,152,3193554,319;35;54
6,153,31197331,31;197;331
6,154,161275059584018,161;275;0;59;58;40;18
6,155,2114433013,21;144;330;13
6,156,211518727015331,211;5;187;270;15;331
6,157,1814417343,181;44;17;343
6,158,4831323,48;31;323
6,159,43172,43;172
6,160,11718523268295274322,117;185;23;268;295;274;322
6,161,1625,16;25
6,162,15156531,151;56;5;31
7,163,129937137347,1;299;371;37;347
7,164,155,1;55
7,165,221225523307,221;225;5;23;307
7,166,42245513630713,42;245;51;36;307;13
7,167,27824932038,278;249;320;38
7,168,30368,30;368
7,169,194362,194;362
7,170,115317107130,115;317;107;130
7,171,1643745637124,164;374;56;371;24
7,172,49369314158,49;369;314;158
7,173,2617572212039345,261;7;57;22;120;39;345
7,174,2024051,202;40;51
7,175,3533277224353637,353;3;277;224;35;36;37
7,176,204257,20;42;57
7,177,4335818176233,43;358;18;176;233
7,178,64453,6;44;53
7,179,262198611325,262;198;6;113;25
7,180,14632925268266,146;329;25;268;266
7,181,181598272,181;59;8;272
7,182,30154130,301;54;130
7,183,33295,33;295
7,184,49434082331429,49;43;40;8;233;14;29
7,185,527,5;27
7,186,144148200293,144;148;200;293
7,187,23310225329,233;102;253;29
7,188,48327175124337282,48;327;175;124;337;282
7,189,1132226,113;22;26
7,190,24018547401782538,240;185;47;40;178;25;38
7,191,12111139130,121;111;39;130
8,192,4132938,41;329;38
8,193,353202224127,353;20;222;41;27
8,194,2752233212026511,275;223;32;120;265;11
8,195,2891332785234248,289;133;278;5;234;248
8,196,2263053950348,226;305;39;50;348
8,197,1162225717,116;222;57;17
8,198,252273,252;273
8,199,1971338,197;13;38
8,200,1863354,186;33;54
8,201,172214,172;214
8,202,11136102192,111;36;102;192
8,203,3277423216254,3;277;42;32;16;254
8,204,139344,139;344
8,205,17533532619014,175;33;53;26;190;14
8,206,358,3;58
8,207,48100298231336119,48;10;0;298;231;336;119
8,208,36632461051323529,366;32;46;105;13;235;29
8,209,561931033612,56;19;310;336;12
8,210,14536167,145;36;167
8,211,485813646252812,48;58;136;46;25;28;12
8,212,571992225,57;199;22;25
8,213,352114312222825,352;114;31;22;228;25
8,214,4842321951428154,48;42;32;195;14;28;154
8,215,36455637752196,364;5;56;377;52;196
8,216,27450,274;50
8,217,2116454,21;164;54
8,218,20354472315334,20;354;47;23;15;334
8,219,20353,203;53
8,220,590191561150209,59;0;19;156;11;50;209
8,221,1804431537,180;44;315;37
8,222,31234353350,312;343;53;350
9,223,453251,45;32;51
9,224,51257,51;257
9,225,23165328,2;316;53;28
9,226,31637137238237,316;371;372;38;237
9,227,2315310,2;315;310
9,228,25313266,25;313;266
9,229,17259361,17;259;361
9,230,12506367158285,125;0;6;367;158;285
9,231,49352,49;352
9,232,49275339454222326,49;275;339;45;42;22;326
9,233,320327,3;20;327
9,234,29924415112850,299;244;15;11;28;50
9,235,21481213225,21;48;121;32;25
9,236,1172105532638,117;210;55;326;38
9,237,2141197325,21;41;197;325
9,238,37862062352837,378;6;206;235;28;37
9,239,19106,19;106
9,240,11726314851,117;263;148;51
9,241,10750,107;50
9,242,2891352254721415837,289;135;225;47;214;158;37
9,243,10316475226624712,10;316;47;52;266;247;12
9,244,337858228,3;378;58;228
9,245,35722177392837,357;22;177;39;28;37
9,246,171373,171;373
9,247,214258,214;258
9,248,423526,42;35;26
9,249,563231281245,56;32;31;281;245
9,250,38,3;8
9,251,33831284,338;31;284
9,252,47181695226,47;18;169;52;26
9,253,43122,43;122
9,254,4233,42;33
9,255,7175334255,7;17;53;34;255
9,256,2751514318733,275;151;43;187;33
10,257,46370,46;370
10,258,494816055272156,49;48;160;55;272;156
10,259,28720521530327,287;205;215;303;27
10,260,59279430625248,59;279;4;306;25;248
10,261,20259303221927,202;59;30;32;219;27
10,262,214917922823,21;49;179;228;23
10,263,49163261225196311,49;163;261;225;196;311
10,264,13228119729616,132;281;197;296;16
10,265,1711801562233215,171;180;1;56;22;332;15
10,266,2753333633,275;333;36;33
10,267,4344109521916,43;44;109;5;219;16
10,268,48301,48;301
10,269,33524418631520838,3;352;44;186;315;208;38
10,270,4731194342,47;31;194;342
10,271,59222714193,59;22;27;14;193
10,272,227308,227;308
10,273,1261393762330714,126;139;376;23;307;14
10,274,143342269242196291,1;43;342;269;242;196;291
10,275,2128917315119,21;289;17;315;119
10,276,5735,57;35
10,277,10927,10;9;27
10,278,1523135436312159,152;3;135;4;36;312;159
10,279,433694323305206,43;369;4;323;305;206
10,280,17548,175;4;8
10,281,4914,49;14
10,282,42325413,4;232;54;13
10,283,278593673233318916,278;59;367;323;33;189;16
10,284,222198299454,222;198;299;4;54
10,285,344165,344;165
10,286,375107296330255,375;107;296;330;255
11,287,1621383774123217,162;138;377;41;232;17
11,288,1324323034274,132;43;230;34;274
11,289,2122319810526,21;223;198;105;26
11,290,55334,55;334
11,291,21108142,21;108;142
11,292,1613117119,161;31;17;119
11,293,52256,52;256
11,294,1730738,17;307;38
11,295,27542172334333,275;42;17;23;343;33
11,296,44341256,44;341;256
11,297,174553624272,174;55;36;24;272
11,298,4919403241450,49;19;40;324;14;50
11,299,31341114232293344,3;134;1;114;232;293;344
11,300,49315335,49;315;335
11,301,1824158,18;24;158
11,302,203561715814322192,203;56;17;158;14;322;192
11,303,21230304218,21;2;30;304;218
11,304,30617284,306;17;284
11,305,299104326248,299;104;326;248
11,306,3205321935156273,3;205;32;19;35;156;273
11,307,102784314921351,10;278;43;149;213;51
11,308,1424850,14;248;50
12,309,37963594311412,379;6;359;4;31;14;12
12,310,327194,327;194
12,311,18135722512033,181;357;225;120;33
12,312,11224196,112;24;196
12,313,42374,42;374
12,314,16145423133,161;45;42;31;33
12,315,246310,2;46;310
12,316,49584055,49;58;40;55
12,317,2145565530928,21;45;56;55;309;28
12,318,2111334832134712,211;133;4;8;321;347;12
12,319,14453,144;53
12,320,210855,2;108;55
12,321,5957200103,59;57;200;103
12,322,0565133273,0;56;51;33;273
12,323,20259,20;259
12,324,5655245162851438,56;55;245;16;285;14;38
12,325,309,30;9
12,326,205371,205;371
12,327,1275319754,127;53;197;54
12,328,1432223231227118351,143;222;32;312;27;118;351
12,329,19812314917330310237,198;123;149;173;303;102;37
12,330,58284,58;284
12,331,1951243,19;51;243
12,332,49220354188229191248,49;220;354;188;229;191;248
12,333,2033350,20;33;350
12,334,3594214834320142,3;59;42;148;34;320;142
12,335,25013618312,250;136;18;312
12,336,303754218753,30;375;42;187;53
12,337,198206,198;206
12,338,5326,53;26
12,339,20249,20;249
13,340,4313,43;13
13,341,170171138419728,170;171;138;4;197;28
13,342,242311,242;311
13,343,1531561732516812,153;1;56;173;25;168;12
13,344,44304183652,44;304;18;36;52
13,345,22314208,223;14;208
13,346,25039,250;39
13,347,211481261124308141,211;48;126;1;124;308;141
13,348,2751995723354,275;199;57;233;54
13,349,2522002443305415537,252;200;244;330;54;155;37
13,350,2136836791450,21;368;367;9;14;50
13,351,32955188,329;55;18;8
13,352,164453137319613256,164;45;31;373;196;13;256
13,353,12440105151613337,124;40;105;15;16;13;337
13,354,20582243051853,20;58;224;305;18;53
13,355,2622271065333156274,262;227;106;53;33;156;274
13,356,18218637134,182;186;371;34
13,357,300215415268813,300;215;41;5;268;8;13
13,358,337842465429,3;378;42;46;54;29
13,359,370242,370;242
13,360,28816124044535333,288;161;240;44;5;35;333
13,361,2755,275;5
13,362,21595229188284,21;59;5;229;18;8;284
13,363,2163196368,216;319;6;368
13,364,2617424242,261;7;4;24;242
13,365,585537,58;55;37
13,366,122299346248292,122;299;346;248;292
14,367,17031,170;31
14,368,16141103,161;41;103
14,369,239359555266,239;359;5;55;266
14,370,1455649176,145;56;4;9;176
14,371,37848446825142,378;48;44;6;8;25;142
14,372,5835613,58;356;13
14,373,12837623626255,128;376;236;26;255
14,374,7322229,7;32;22;29
14,375,231176253361412,231;176;25;336;14;12
14,376,52325,52;325
14,377,15010152416611,150;10;15;24;166;11
14,378,13413940,134;139;40
14,379,1711752,171;17;52
14,380,445518140,44;55;18;140
14,381,3495818739,349;58;187;39
14,382,31840253715512,318;40;25;37;155;12
14,383,424243,42;4;243
14,384,5747233,57;47;233
14,385,3793642871361723167,379;364;287;136;17;23;167
14,386,48163187280155313,48;163;187;280;15;53;13
14,387,1141337451752614,114;133;7;45;175;26;14
14,388,2881186330274,288;1;186;330;274
14,389,4830271156,48;30;271;156
14,390,16318234,163;182;34
14,391,037119011,0;371;190;11
14,392,3300617919716102,3;300;6;179;197;16;102
14,393,2142231824,21;42;23;18;24
15,394,35615253712,356;15;25;37;12
15,395,103591791619150,10;359;179;16;191;50
15,396,1824,18;24
15,397,117224584214,117;224;58;42;14
15,398,622161551232250,6;22;16;155;12;322;50
15,399,1138271237,1;138;271;237
15,400,379024019214,379;0;240;19;214
15,401,20354,203;54
15,402,45272235,45;272;235
15,403,22118823,221;188;23
15,404,1341,134;1
15,405,305372,305;372
15,406,27913655403072829,279;136;55;40;307;28;29
15,407,24,2;4
15,408,1485316,148;53;16
15,409,21276303765116320,21;276;30;376;51;16;320
15,410,58369,58;369
15,411,2001243621825267,20;0;124;36;218;25;267
15,412,423354235,42;33;54;235
15,413,16145581983336129,161;45;58;198;33;361;29
15,414,130011518,1;300;115;18
15,415,17115145305716266,171;151;45;30;57;16;266
15,416,3429,34;29
15,417,13262451734334,132;6;245;17;34;334
15,418,491826915711,49;18;269;157;11
15,419,11742,117;42
15,420,1174313721827,117;43;137;218;27
15,421,3354124341,3;354;124;341
15,422,212027,21;20;27
15,423,4236817317177326,42;368;173;17;177;326
15,424,4636249167,46;36;249;167
15,425,32605822511036154,3;260;58;225;110;36;154
15,426,101334,101;334
15,427,4353313218337,43;53;313;218;337
15,428,243,2;43
15,429,20359139414,203;59;139;41;4
15,430,1215620022613726130,121;56;200;226;137;26;130
15,431,29846,298;46
15,432,293361,293;361
15,433,239131,239;131
15,434,36514710952232554,365;147;109;5;22;325;54
15,435,215208,215;208
16,436,1981472328512,198;147;23;285;12
16,437,144311,144;311
16,438,37037,370;37
16,439,117438,117;4;38
16,440,36510454446131266,365;10;45;44;46;131;266
16,441,150326,150;326
16,442,4819243308335119167,48;19;243;308;335;119;167
16,443,34529,345;29
16,444,24117521729,241;175;217;29
16,445,152481994725925,152;48;199;47;259;25
16,446,10265,10;265
16,447,218423013273,2;184;230;13;273
16,448,182473938,182;47;39;38
16,449,2163433731419329,21;6;343;373;14;193;29
16,450,5365253307209141,5;36;52;53;307;209;141
16,451,2521714,252;17;14
16,452,276204017314,276;204;0;173;14
16,453,366260453117330833,366;260;45;31;173;308;33
16,454,278314,278;314
16,455,31956233,319;56;233
16,456,5875752004,58;7;57;5;200;4
16,457,31653,316;53
16,458,424,42;4
16,459,41322,41;322
16,460,212601427,21;260;14;27
17,461,4914565350,49;1;45;6;53;50
17,462,161358,161;358
17,463,12819335,128;19;335
17,464,35513,355;13
17,465,47531723322,47;5;317;23;322
17,466,3667186236,366;7;186;236
17,467,034255,0;34;255
17,468,217557475116285,2;175;57;47;51;16;285
17,469,23062441201539,2;30;6;244;120;15;39
17,470,10014730233242266,10;0;147;302;33;242;266
17,471,2017371,20;17;371
17,472,29831196165292,298;31;196;165;292
17,473,3584251362154,3;58;42;51;362;154
17,474,11450,114;50
17,475,49318,49;31;8
17,476,33945461723272266,339;45;46;17;23;272;266
17,477,3792162738,379;216;27;38
17,478,203691922234243273,20;369;19;22;234;243;273
17,479,043475152207,0;43;47;51;52;207
17,480,220126182462352334,220;126;182;46;23;52;334
17,481,14322441107,143;224;41;107
17,482,1991718852102,199;17;188;52;102
17,483,150332627227,150;33;26;272;27
17,484,24811141,2;48;11;141
17,485,4831953259235,48;319;53;259;235
17,486,328945,3;289;45
17,487,53332419627,53;33;24;196;27
17,488,1752235192,17;52;235;192
17,489,28957,289;57
18,490,26144,261;44
18,491,1841132623630914,184;113;26;236;309;14
18,492,31813932361783450,318;139;32;36;178;34;50
18,493,1728,17;28
18,494,01755615120,0;175;56;15;120
18,495,16230029836346,162;300;298;36;346
18,496,231855236,2;318;55;236
18,497,413517934158361,41;35;179;34;158;361
18,498,275137530315259373,275;1;375;303;15;259;373
18,499,431842511,43;184;25;11
18,500,3754115167,375;41;15;167
18,501,2315414,231;54;14
18,502,34949,349;49
18,503,363340341,363;340;341
18,504,20235354,20;23;53;54
18,505,220357136533312014,220;357;136;53;33;120;14
18,506,2201281934334,220;128;19;34;334
18,507,31831614010114,318;316;140;101;14
18,508,6244,6;244
18,509,1712783543691526267,171;278;354;369;15;26;267
18,510,5720125812,57;201;258;12
18,511,2131813012246,21;31;8;130;12;246
18,512,2221153518236,222;115;35;18;236
18,513,2601514414955350167,260;151;44;149;55;350;167
18,514,2523274623326334,252;327;46;23;326;334
19,515,2044024330284291,204;40;24;330;284;291
19,516,20182402232516,20;182;40;22;325;16
19,517,10824522218131,108;245;22;218;131
19,518,49412938,49;4;129;38
19,519,232539,23;25;39
19,520,6108522454253,6;108;52;24;54;253
19,521,150368,150;368
19,522,192252217322,19;22;52;217;322
19,523,044,0;44
19,524,363174531591312838,363;174;53;159;131;28;38
19,525,172226,17;22;26
19,526,3592433024354321,359;24;330;243;54;321
19,527,2023272412239,202;327;241;22;39
19,528,27722335,277;223;35
19,529,32554617,3;2;55;46;17
20,530,481334023336273,48;133;40;23;336;273
20,531,27644555233101,276;44;5;55;233;101
20,532,41123312165256,41;123;312;165;256
20,533,20263151363444611,20;263;151;363;44;46;11
20,534,36637,366;37
20,535,1531753164735312,153;175;316;47;35;312
20,536,1523281071628350,152;328;107;16;283;50
20,537,222133213160829348,222;133;213;160;8;29;348
20,538,2131593914351,213;159;39;14;351
20,539,143239456295321348,143;239;45;6;295;321;348
20,540,12735422815209,127;354;228;15;209
20,541,4615,46;15
20,542,2213651505112034,221;365;150;51;120;34
20,543,2625813739320347,262;58;137;39;320;347
20,544,4921022217330336,49;210;22;217;330;336
20,545,431511,4;315;11
20,546,21159,2;1;159
20,547,21565515157310,21;56;55;15;157;310
20,548,1951150,195;11;50
20,549,481391733614011193,48;139;17;336;140;11;193
20,550,10923316,109;233;16
20,551,4925,49;25
20,552,74257181511,7;4;257;18;15;11
20,553,3221317355103,32;213;173;55;103
20,554,201711853839350,20;171;18;53;8;39;350
20,555,26312715122913,263;127;151;229;13
20,556,5530653,55;306;53
20,557,1522104718734,152;210;47;187;34
21,558,227376282,227;376;282
21,559,2315124325336214,2;31;51;243;253;362;14
21,560,3001152303435450,300;115;230;343;54;50
21,561,13451,134;51
21,562,36636716,366;367;16
21,563,1432328280283,143;2;328;280;283
21,564,11933290,1;19;33;290
21,565,2159,21;59
21,566,571951235339337,57;19;51;23;53;39;337
21,567,30328529,30;328;5;29
21,568,203784755292,20;378;47;55;292
21,569,1495334238,149;53;34;238
21,570,2318232,2;318;232
21,571,15043,150;43
21,572,2219,221;9
21,573,3662043624206,366;204;36;24;206
21,574,24073534233322,240;7;35;342;33;322
21,575,262211271231721928,262;21;127;123;17;219;28
22,576,421133630537282,42;113;36;305;37;282
22,577,3215127,3;21;51;27
22,578,374149552238,374;149;55;22;38
22,579,1342893785839,134;289;378;58;39
22,580,01384252283100,0;138;42;52;283;100
22,581,4735188342217351,47;35;188;342;217;351
22,582,263553126927229,263;55;31;269;272;29
22,583,3791275540334,379;127;55;40;334
22,584,4953238,49;53;238
22,585,57111463411629,57;111;46;341;16;29
22,586,1611533771715,161;153;377;17;15
22,587,174124552572434176,174;124;55;257;24;34;176
22,588,1278227463339336,1;278;227;46;333;9;336
22,589,161240191732962650,161;240;19;173;296;26;50
22,590,313452711209,31;345;27;11;209
22,591,030338,0;303;38
22,592,211317197245427,21;1;317;197;24;54;27
22,593,29817,298;17
22,594,126139,126;139
22,595,353432426736119337,35;343;24;267;361;193;37
22,596,57336,57;336
22,597,261159267322,261;159;267;322
22,598,47312253916511,47;312;25;39;165;11
22,599,1641511264,164;15;11;264
22,600,20227838,202;278;38
22,601,10195,10;195
22,602,277201274,277;201;274
22,603,32197,32;197
22,604,32835313274118,328;35;313;274;118
22,605,35719626512291,3;57;196;265;12;291
22,606,12037338,120;373;38
22,607,21112119267193,211;121;19;267;193
23,608,204172,204;172
23,609,27628925104734312,276;289;251;0;47;343;12
23,610,134338240325290292,134;338;240;32;5;290;292
23,611,4820163283,48;20;163;283
23,612,152485724514,152;48;57;245;14
23,613,20517334337,205;173;343;37
23,614,30022210186168351119,300;222;10;186;168;351;119
23,615,17024140105257339,170;241;40;105;257;33;9
23,616,2059,20;59
23,617,5958172432529141,59;58;17;243;25;29;141
23,618,365276183295322,365;276;183;295;322
23,619,21118534,211;185;34
23,620,3355184225234131,3;355;184;225;234;131
23,621,6234295,6;234;295
23,622,2485554,2;48;55;54
23,623,4032437214253247282,40;324;372;14;253;247;282
23,624,572134653,57;213;46;53
23,625,3035634024141,30;356;340;24;141
23,626,15755225320155,1;57;5;52;25;320;155
23,627,170175563085428,170;175;56;308;54;28
23,628,5832160274,58;32;160;274
23,629,4992616712,49;9;26;167;12
23,630,20526,205;26
23,631,244321692431427,2;44;32;169;243;14;27
23,632,21838167,218;38;167
23,633,16451361,164;51;361
23,634,32911150,329;111;50
23,635,1811,18;11
23,636,546,5;46
23,637,172333,17;23;33
23,638,46283,46;283
23,639,123141,123;141
23,640,23943186243140,239;43;186;243;140
23,641,1913,19;13
23,642,030832613114360,0;308;326;131;14;360
23,643,3781644035818724237,378;164;40;358;187;24;237
23,644,583914,58;39;14
24,645,153251149233829,153;251;149;23;38;29
24,646,31925737129650,319;257;371;296;50
24,647,1801233,180;1;233
24,648,203130333128,203;1;303;331;28
24,649,8235,8;235
24,650,2134,21;34
24,651,222247337266235247,2;222;47;337;266;235;247
24,652,025314,0;253;14
24,653,1434957257361237348,143;49;57;257;361;237;348
24,654,4920286455,49;20;286;4;55
24,655,49180313,49;180;313
24,656,17026010724434,170;260;107;244;34
24,657,1813,18;13
24,658,26023035131,260;230;35;131
24,659,215403522295337,21;5;40;35;22;295;337
24,660,3753553129,375;35;53;129
24,661,2261174187,2;261;174;187
24,662,1431844224427165,1;43;184;42;244;27;165
25,663,153323135312,153;32;31;35;312
25,664,45358100348,45;358;100;348
25,665,23932730199,239;327;30;199
25,666,37512,375;12
25,667,4911331211729,49;1;133;121;17;29
25,668,0147561723227,0;147;56;17;232;27
25,669,01912034,0;19;120;34
25,670,1200323542728,1;200;323;54;27;28
25,671,2019338,20;193;38
25,672,18165645229,181;6;56;4;52;29
25,673,126024112346911,126;0;241;123;46;9;11
25,674,31364617257330,3;136;46;17;257;330
25,675,315546,31;55;46
25,676,221450,22;14;50
25,677,48,48
26,678,12610593354,126;10;59;33;54
26,679,49230267266,49;230;267;266
26,680,10819418335437,108;194;18;33;54;37
26,681,213154,213;154
26,682,425626,42;56;26
26,683,1341523044324,134;152;30;44;324
26,684,27522623239,275;226;232;39
26,685,18135917104,181;359;17;104
26,686,4844,48;44
26,687,104247425427209,10;42;47;4;254;27;209
26,688,21624132272,216;241;32;272
26,689,250241154,250;241;154
26,690,1953627119,195;36;27;119
26,691,20251151367,20;251;151;367
26,692,571073438,57;107;34;38
26,693,20573285617242,20;57;328;56;17;242
26,694,3391223216208,339;122;32;16;208
26,695,22042,220;42
26,696,47219245372343308271,47;219;245;372;343;308;271
26,697,12625,126;25
26,698,21227629250,212;276;292;50
26,699,134173371120156168,134;173;371;120;156;168
26,700,2295252662812,2;295;25;266;28;12
26,701,19317352312,19;317;35;23;12
26,702,3372832250,3;372;8;322;50
26,703,2300165,2;300;165
26,704,22020323554373,220;20;32;35;54;373
26,705,276539131,276;53;9;131
26,706,213543673321554,21;354;367;332;15;54
26,707,375227,375;227
26,708,2624856402350,262;48;56;40;23;50
26,709,202212367,202;212;367
27,710,2121631186315157264,21;216;31;186;315;157;264
27,711,2035425714,20;354;257;14
27,712,2752137829413128414,275;21;378;294;131;284;14
27,713,170481734233208,170;48;17;34;233;208
27,714,304136126616811,30;41;361;266;168;11
27,715,25255173122526728,252;55;17;312;25;267;28
27,716,43160,43;160
27,717,491044551654,49;10;44;55;16;54
27,718,35012,350;12
27,719,132573732526737,132;57;373;25;267;37
27,720,28827823231426850,288;278;232;314;268;50
27,721,4322628120837,43;226;281;208;37
27,722,5836723435011,58;367;234;350;11
27,723,144573234033,144;57;32;340;33
27,724,55367188244934131,55;367;188;244;9;34;131
27,725,4948278374234191,49;48;278;374;234;191
27,726,1831373550,183;137;35;50
27,727,41339,41;33;9
27,728,2121655362416348,21;216;55;36;24;16;348
27,729,211288102514,211;288;10;25;14
27,730,4846231625272,48;46;23;16;25;272
27,731,36292,36;292
27,732,210111343,210;111;343
27,733,3405616,340;56;16
27,734,46294194176307,46;294;194;176;307
27,735,431412,43;14;12
27,736,2015323626,201;53;236;26
27,737,492213564030618827,49;221;356;40;306;188;27
28,738,17515,175;15
28,739,3181302532613,3;181;30;25;326;13
28,740,21534119428414,215;341;194;284;14
28,741,30110232521637,30;110;232;52;16;37
28,742,352333738,35;233;37;38
28,743,32934,329;34
28,744,373166,373;166
28,745,1714451188346271,171;44;51;18;8;346;271
28,746,356462437334347,3;56;46;24;37;334;347
28,747,11713865526933247,117;138;6;55;269;33;247
28,748,277160266,277;160;266
28,749,025242248,0;25;242;248
28,750,213002241602932529,21;300;224;160;293;25;29
28,751,26273,26;273
28,752,164213317,164;213;317
28,753,1834132173539,183;41;32;17;35;39
28,754,150355287332,150;355;287;332
28,755,3685546525325,368;55;46;52;53;25
28,756,13543254,135;43;254
28,757,13448297575522206,134;48;297;57;55;22;206
28,758,37848523334,378;48;52;33;34
28,759,1321812914,132;18;129;14
28,760,423117,42;31;17
28,761,305846323311,30;58;46;323;311
28,762,4128130624337,41;281;306;24;337
28,763,25011245555118,250;112;45;55;51;18
28,764,14533920018131,145;339;200;18;131
28,765,23957171513027,239;57;17;15;130;27
28,766,1283162228,128;316;22;28
29,767,1532583585512013,153;2;58;358;55;120;13
29,768,1279445214232,1;279;44;5;214;232
29,769,13717308156,137;17;308;156
29,770,1171044160120,117;10;44;160;120
29,771,14527915,145;279;15
29,772,33958298534,339;58;298;5;34
29,773,15036851208193,150;368;51;208;193
29,774,21126229189,21;126;229;18;9
29,775,22212,2;22;12
29,776,27937291,279;37;291
29,777,14816,148;16
29,778,31625248,316;25;248
29,779,222196,2;22;196
29,780,4542559,45;42;55;9
29,781,35630146317173293105,356;301;46;317;173;293;105
29,782,474654343728209,47;46;54;34;37;28;209
29,783,114231527011837167,114;23;15;270;118;37;167
29,784,484724326192,48;47;243;26;192
29,785,3239357253,3;239;357;253
29,786,233274,233;274
29,787,4936523255,49;365;23;255
29,788,14637,146;37
29,789,31622522214,3;162;252;22;14
29,790,2111622378361628,211;162;2;378;36;16;28
29,791,10104,10;104
29,792,27722,277;22
29,793,26121534345,261;215;34;345
29,794,494825,49;48;25
29,795,1153626265,115;36;26;265
29,796,27628728153273,276;287;281;53;273
29,797,421954,42;19;54
29,798,565522209,56;55;22;209
29,799,35830625,3;58;306;25
29,800,28922,289;22
29,801,304618231,30;46;18;231
30,802,1165836348,116;58;36;34;8
30,803,57332850,57;33;28;50
30,804,21191493702812,21;19;149;370;28;12
30,805,301321939,301;32;19;39
30,806,21213,21;213
30,807,35752,357;52
30,808,4936526013343241330,49;365;260;133;43;241;330
30,809,4927844193,49;278;44;193
30,810,5857521629,58;57;52;16;29
30,811,51309,51;309
30,812,2137518415814112,21;375;184;158;141;12
30,813,4928621442428550,49;286;214;4;24;285;50
30,814,121413684296,121;41;368;4;296
30,815,37955111,379;5;51;11
30,816,59199639,59;199;6;39
30,817,22154218102,2;215;42;18;102
30,818,219,2;19
30,819,3284027,328;40;27
30,820,2883365286261228,288;3;365;286;261;22;8
30,821,23931214229104348,239;31;214;229;104;348
30,822,2062236283,20;6;22;36;283
30,823,171121335424923614,171;121;33;54;249;236;14
30,824,202223125711,20;22;231;257;11
30,825,2863030122333285236,286;30;301;22;333;285;236
30,826,121530131140238246,1;215;301;31;140;238;246
30,827,11610117347,116;10;1;17;347
30,828,1141,1;141
30,829,107243,107;243
30,830,30584015953,30;58;40;159;53
30,831,2632974111,263;297;41;11
30,832,2042108,20;42;108
30,833,42179817623636150,42;179;8;176;236;361;50
30,834,4837830152729228,48;378;301;5;27;292;28
30,835,36719625,367;196;25
30,836,35558175175226550,355;58;175;17;52;265;50
31,837,205135185328511,20;51;35;18;53;285;11
31,838,214219213361437,21;42;19;213;36;14;37
31,839,02793533352,0;279;35;333;52
31,840,15222030232554,152;220;302;32;55;4
31,841,2033284715,203;328;47;15
31,842,3241,32;41
31,843,27512491639337,275;124;9;16;39;337
31,844,575620046373,57;56;200;46;373
31,845,3492233431038,349;223;34;310;38
31,846,3033437,303;34;37
31,847,288036916101,288;0;369;16;101
31,848,2392044311,239;204;43;11
31,849,47358,47;358
31,850,2002583534,200;258;35;34
31,851,36724450,367;244;50
31,852,37632330811237291,376;323;308;11;237;291
31,853,276115618,276;115;6;18
31,854,4511319534426322255,45;113;195;344;26;322;255
31,855,10118,10;118
31,856,3735893927,3;7;358;9;39;27
31,857,20526154350,205;261;54;350
31,858,114133,114;133
31,859,117210184,117;210;184
32,860,10519424,105;194;24
32,861,453284633350,45;328;46;33;350
32,862,150109374365419312,150;109;374;36;54;193;12
32,863,1245214,124;52;14
32,864,57642,57;6;42
32,865,24233,24;233
32,866,26323232236248,263;2;323;22;36;248
32,867,3790768,379;0;7;6;8
32,868,3638,36;38
32,869,3293218130141,3;293;218;130;141
32,870,49139269,49;139;269
32,871,4119715828,41;197;158;28
32,872,252182371,252;182;371
32,873,04441376,0;44;41;376
32,874,2629,262;9
32,875,4918218829,49;182;188;29
32,876,34,34
32,877,4129337237,4;129;337;237
32,878,0113157142,0;113;157;142
32,879,3532001853174631550,353;200;185;317;46;315;50
32,880,31857342,318;57;342
32,881,3224283738,32;24;28;37;38
32,882,5751322,57;51;322
32,883,1581991925728264,1;58;199;19;257;28;264
32,884,2031632523236,203;163;252;32;36
32,885,571912,57;19;12
32,886,20359719173,203;59;7;19;173
32,887,58631241512,58;6;31;24;15;12
32,888,28923194,289;23;194
32,889,20359222325,203;59;22;23;25
32,890,3552413653291,355;241;36;53;291
32,891,21058,210;58
33,892,26046,260;46
33,893,250146241269,250;146;241;269
33,894,4713625732525638,47;136;257;325;256;38
33,895,17049316221512,170;49;316;22;15;12
33,896,30565522838,30;56;55;228;38
33,897,2891918234196255,289;19;18;234;196;255
33,898,133329402439,133;329;40;243;9
33,899,3633161827,363;316;18;27
33,900,213033327230929,21;30;333;272;309;29
33,901,287296,287;296
33,902,4842,48;42
33,903,176264,176;264
33,904,36618015118337,366;180;151;18;337
33,905,21335722,2;133;57;22
33,906,934334,9;34;334
33,907,276473428,276;47;34;28
33,908,1981224,198;122;4
33,909,2247,2;247
33,910,18926,189;26
33,911,3365305554247168,3;365;30;55;54;247;168
33,912,20592235827024267,20;59;223;58;270;24;267
33,913,222,2;22
33,914,59369185926284,59;369;185;9;26;284
33,915,1803130554236,180;31;305;54;236
33,916,2021325821336372,20;2;132;58;213;36;372
33,917,36201338,3;6;201;33;8
33,918,1217140274,1;217;140;274
33,919,3221619919247,3;221;6;199;19;247
33,920,27713319539,277;133;195;39
33,921,133413118,133;4;13;118
33,922,31822734333150,318;227;343;331;50
33,923,2159512330833,21;59;5;123;308;33
33,924,22724554311,227;245;54;311
33,925,1284336914829619126,128;43;369;148;296;191;26
33,926,4812722342264,48;127;22;342;264
33,927,14445824927,144;45;8;249;27
34,928,26022158,260;22;158
34,929,1622893633577839,162;289;363;357;7;8;39
34,930,237546,2;375;46
34,931,35757226,357;57;226
34,932,1035514742325,10;355;147;4;23;25
34,933,48171337,48;171;337
34,934,20630726156,20;6;307;26;156
34,935,20117531428141,20;117;53;14;28;141
34,936,232428,23;24;28
34,937,3663022510855,366;30;225;108;55
34,938,13530420017338,135;304;200;173;38
34,939,5856413118816,58;56;41;31;188;16
34,940,4334248247,43;34;248;247
34,941,327,3;27
34,942,239563731623614,239;56;373;16;236;14
34,943,2022010364184231206,202;20;10;364;184;231;206
34,944,62264753517,6;226;47;5;35;17
34,945,72353253342912,7;23;53;25;334;29;12
34,946,32249,32;249
34,947,20302331050,20;30;23;310;50
34,948,3283123427111,328;31;234;271;11
34,949,431092214156,43;109;22;14;156
34,950,222803315823612,22;280;33;158;236;12
34,951,3612,36;12
34,952,32269,32;269
34,953,323218,323;218
35,954,18128,181;28
35,955,43828,43;8;28
35,956,21035752217270156141,210;357;52;217;270;156;141
35,957,378139120362,378;139;120;362
35,958,21422827,214;228;27
35,959,367165,367;165
35,960,304268541350,304;268;54;13;50
35,961,3151108,3;151;108
35,962,3138209,3;138;209
35,963,32838,328;38
35,964,4815011055177270313,48;150;110;55;177;270;313
35,965,18142611022,181;42;6;110;22
35,966,5392625337,53;9;26;253;37
35,967,30618369,306;18;36;9
35,968,3203121612013027,3;203;1;216;120;130;27
35,969,3010951,30;109;51
35,970,1443645518837,144;364;55;188;37
35,971,3533423334193,353;3;42;33;34;193
35,972,4122,41;22
35,973,5929752243,59;297;52;243
35,974,536737,5;367;37
35,975,1322104210450,132;210;42;104;50
35,976,150333,150;333
35,977,59954,59;9;54
35,978,313361361826529,3;133;6;136;18;265;29
35,979,2513,25;13
35,980,4846330,48;46;330
35,981,021541201245337,0;215;41;201;245;337
35,982,27544303353925312,275;44;303;35;39;253;12
35,983,4925714923015361,49;2;57;149;230;15;361
35,984,212859225169254,2;128;59;225;169;254
35,985,3058198245,3;0;58;198;245
36,986,121302,121;302
36,987,260148160410239,260;148;160;4;102;39
36,988,10150,101;50
36,989,123160,123;160
36,990,163363563151,163;363;56;31;51
36,991,365181279985428,365;181;279;9;8;54;28
36,992,289225564722234248,289;225;56;47;22;234;248
36,993,2327184565524345,2;327;184;56;55;24;345
36,994,1631363033153315837,163;136;303;315;33;158;37
36,995,2782052794457238,278;205;279;44;57;238
36,996,31829423124168,318;294;231;24;16;8
36,997,057,0;57
36,998,2171514,2;171;5;14
36,999,3045413,304;54;13
36,1000,241317106539292209,241;317;106;53;9;292;209
36,1001,1432134743637,143;213;47;4;36;37
36,1002,212556178954274,212;5;56;178;9;54;274
36,1003,3338,333;8
36,1004,26004222623028208,260;0;42;226;230;28;208
36,1005,493171018653292,49;3;171;0;186;53;292
36,1006,4933550,49;335;50
36,1007,35228713317318271,352;287;133;173;18;271
36,1008,371242416829,3;7;124;24;168;29
36,1009,4845140,48;45;140
36,1010,36932813725248,369;328;137;25;248
36,1011,1514615,151;46;15
36,1012,112305653320,112;30;56;53;320
36,1013,44283,44;283
36,1014,276513,276;5;13
36,1015,1115331166,1;115;331;166
37,1016,495920153,49;59;201;53
37,1017,356101,356;101
37,1018,153210216473613167,153;210;216;47;36;13;167
37,1019,20023511,200;235;11
37,1020,2503575230854,250;357;52;308;54
37,1021,220591103139284,220;59;110;31;39;284
37,1022,1453182811929,1;45;31;8;28;119;29
37,1023,057401338,0;57;40;13;38
37,1024,143171355270373141,143;171;355;270;373;141
37,1025,109213,109;213
37,1026,583054361156,58;30;54;361;156
37,1027,3218130335,3;218;130;335
37,1028,49221182332234270350,49;221;182;332;234;270;350
37,1029,551371829634354335,55;137;18;296;343;54;335
37,1030,1831743012318,183;174;301;23;18
37,1031,4525750,45;257;50
37,1032,220463172452329,220;46;317;245;23;29
37,1033,2127115213,2;127;115;213
37,1034,0113178282237,0;113;178;282;237
37,1035,202510432514,20;251;0;43;25;14
37,1036,102601082234550,10;260;108;22;345;50
37,1037,29835,298;35
37,1038,55270233307,55;270;233;307
37,1039,180404638255,180;40;46;38;255
37,1040,21854,2;18;54
37,1041,212030419014209,212;0;304;190;14;209
37,1042,49302140,49;302;140
37,1043,414,41;4
37,1044,28740532702073728,287;40;53;270;207;37;28
37,1045,316340195,316;340;195
37,1046,2116346255,21;16;346;255
37,1047,2130,21;30
37,1048,1179371,1;179;371
37,1049,357173,357;173
37,1050,174511139,174;5;111;39
37,1051,3429,34;29
37,1052,5711035,57;110;35
37,1053,23373271,23;373;271
38,1054,64193412927322,6;41;9;34;129;27;322
38,1055,114611313715130,1;146;113;137;15;130
38,1056,13752,137;52
38,1057,2616310,261;6;310
38,1058,225214320,225;214;320
38,1059,3781031524548,378;10;315;24;54;8
38,1060,20257229308218166,202;57;229;308;218;166
38,1061,027918556341373,0;279;185;56;341;373
38,1062,114123178,114;123;178
38,1063,2782712812,278;271;28;12
38,1064,571934031230,57;19;340;31;230
38,1065,1264,126;4
38,1066,4309,4;309
38,1067,358295189,358;295;189
38,1068,213122313,21;31;22;313
38,1069,453653189,45;36;53;189
38,1070,261298377120282,261;298;377;120;282
38,1071,592139,59;213;9
38,1072,280178235142,280;178;235;142
38,1073,134758200538,134;7;58;200;53;8
38,1074,3782134137,378;213;41;37
38,1075,025168,0;25;168
38,1076,7240227,7;240;227
38,1077,300337,300;337
38,1078,21144326207,211;44;326;207
38,1079,55172321775412911,55;17;232;177;54;129;11
38,1080,162127192454102,162;127;19;24;54;102
38,1081,17021205278623,170;21;205;278;6;23
38,1082,213113636191,21;3;1;136;36;191
38,1083,4536391238,45;36;39;12;38
38,1084,11056130,110;56;130
38,1085,352453011351371154,352;45;30;113;51;371;154
39,1086,35914835182413,3;59;148;35;18;24;13
39,1087,1454139347,145;41;39;347
39,1088,412135624,41;213;56;24
39,1089,48277585736159165,48;277;58;57;36;159;165
39,1090,36326,36;326
39,1091,153562945254322,153;56;294;52;54;322
39,1092,22241324,222;41;324
39,1093,454754,45;47;54
39,1094,43516850,43;5;168;50
39,1095,27528911257166345361,275;289;112;57;166;345;361
39,1096,21115222232393350,211;152;222;323;9;33;50
39,1097,19227131,19;227;131
39,1098,251433742228010554,251;43;374;22;280;105;54
39,1099,328913566474,3;289;1;356;6;47;4
39,1100,492500721638,49;250;0;7;216;38
39,1101,2754847551827190,275;48;47;55;18;27;190
39,1102,181121329351119,181;121;329;351;119
39,1103,1432862193251898,143;286;219;325;189;8
39,1104,2974447,297;44;47
39,1105,211452225,21;145;22;25
39,1106,14317,143;17
39,1107,201555122324166,20;1;55;51;22;324;166
39,1108,36542,365;42
40,1109,135182402416650255,135;182;40;24;166;50;255
40,1110,48101,48;101
40,1111,3205174472953712,3;205;174;47;295;37;12
40,1112,216368,216;368
40,1113,3534,35;34
40,1114,2881043442312337,288;10;43;44;231;23;37
40,1115,34040258,340;40;258
40,1116,365118615,365;1;186;15
40,1117,114431053721581329,114;43;105;372;158;13;29
40,1118,126174296331,126;174;296;331
40,1119,10591481850,10;59;148;18;50
40,1120,35358169187177103,353;58;169;187;177;103
40,1121,251321791525412,251;32;179;15;254;12
40,1122,379128,379;1;28
40,1123,14833019138,148;330;191;38
40,1124,2358269,2;358;269
40,1125,202102871133140303,202;10;287;113;31;40;303
40,1126,1045,10;45
40,1127,27929250,279;292;50
40,1128,1144247259,114;42;47;259
40,1129,172169264,172;169;264
40,1130,17209,17;209
40,1131,4910270,49;10;270
40,1132,364304342537326,364;304;34;25;373;26
40,1133,473327,47;33;27
40,1134,36444201105296102155,364;44;201;105;296;102;155
40,1135,4629,46;29
40,1136,2751154114238,275;115;41;14;238
40,1137,14652516320,146;5;25;16;320
40,1138,14817811828250,148;178;118;282;50
41,1139,101093224521739,10;109;32;245;217;39
41,1140,3252297537,3;252;297;5;37
41,1141,20194716016,20;19;47;160;16
41,1142,352145,352;145
41,1143,26210713,262;107;13
41,1144,164636346265,164;6;36;346;265
41,1145,4513131,45;13;131
41,1146,349145164586,349;145;164;58;6
41,1147,341429,34;14;29
41,1148,16914118,169;14;118
41,1149,3140370,31;40;370
41,1150,03112433310334,0;31;124;333;103;34
41,1151,4828716431011811,48;287;164;310;118;11
41,1152,25015057294345,250;150;57;294;345
41,1153,26225051104310100118,262;250;51;104;310;100;118
41,1154,1434833919522853192,143;48;339;195;228;53;192
41,1155,2436325337,2;43;6;32;53;37
41,1156,1638,16;38
41,1157,36613516930526713,366;135;169;305;267;13
41,1158,4633,46;33
41,1159,379117432243113,379;117;43;224;31;13
41,1160,203745611,20;374;56;11
41,1161,22118242551752196,221;182;42;55;17;52;196
41,1162,1721933,17;219;33
41,1163,211614830533337,21;161;48;30;53;33;37
41,1164,162202605191527,162;20;260;5;19;15;27
41,1165,425215,42;52;15
41,1166,21464115919328,2;146;41;159;193;28
41,1167,1918231161911337,19;18;231;16;191;13;37
41,1168,2201094618852176218,220;109;46;188;52;176;218
41,1169,324169259829539167,324;169;259;8;295;39;167
41,1170,354183301443829,354;183;301;44;38;29
41,1171,35312613341979100,353;126;133;4;197;9;100
41,1172,216,21;6
41,1173,02793691112354,0;279;369;111;23;54
41,1174,26312722411121937,263;127;224;111;219;37
41,1175,2017158641,20;171;58;6;41
41,1176,12038,120;38
41,1177,4923026811,49;2;30;268;11
41,1178,56471511360,56;47;15;11;360
41,1179,1444403248309,1;44;4;40;324;8;309
41,1180,30451,304;51
42,1181,36625022541,366;250;225;41
42,1182,22193321879,2;219;332;187;9
42,1183,25025114747106,250;251;147;47;106
42,1184,4820037634313,48;200;376;343;13
42,1185,121319461726,121;319;46;17;26
42,1186,213774022829037,2;1;377;40;228;290;37
42,1187,138,1;38
42,1188,2221036810313142,222;10;368;103;13;142
42,1189,0319,0;319
42,1190,116259301258,116;2;59;301;258
42,1191,1357201,1;357;201
42,1192,14734434168335,147;344;34;168;335
42,1193,73151256,7;31;51;256
42,1194,4236737,42;367;37
42,1195,314713754361,3;1;47;137;54;361
42,1196,20199,20;19;9
42,1197,92438,9;24;38
42,1198,49300,49;300
42,1199,1283329,128;33;29
43,1200,32862332229,3;286;23;322;29
43,1201,27771392582235029,277;7;139;258;22;350;29
43,1202,250162515724828,250;16;25;157;248;28
43,1203,4932923018237,49;329;230;18;237
43,1204,2513225833103272256,251;32;258;33;103;272;256
43,1205,2115116167,211;51;16;167
43,1206,21224830912,212;248;309;12
43,1207,21317210717917,213;172;107;179;17
43,1208,18418347,184;18;347
43,1209,46371335,46;371;335
43,1210,125483553232414,125;48;355;32;324;14
43,1211,15231916933234307247,152;319;169;33;234;307;247
43,1212,1035,10;35
43,1213,30157284238,30;157;284;238
43,1214,16419955305268,164;199;55;305;268
43,1215,20226345343159,202;263;45;343;159
44,1216,1712,17;12
44,1217,27625,276;25
44,1218,494640,49;46;40
44,1219,35565325638,355;6;53;256;38
44,1220,31421719634,314;217;196;34
44,1221,1732639,17;326;39
44,1222,1250,125;0
44,1223,17141188,171;41;188
44,1224,37927815118413751313,379;278;151;184;137;51;313
44,1225,22557137178104191,225;57;137;178;104;191
44,1226,1021622142,10;216;22;142
44,1227,4921114654154,49;211;146;54;154
44,1228,19581022614,195;8;102;26;14
44,1229,364574030329,364;57;40;303;29
44,1230,3516,35;16
44,1231,195332,195;332
44,1232,55206,55;206
45,1233,0124539373238,0;124;53;9;373;238
45,1234,15217043312019,152;170;43;31;201;9
45,1235,6812,6;8;12
45,1236,4425,44;25
45,1237,15518331252728,1;55;18;331;25;27;28
45,1238,365023361168,365;0;23;361;168
45,1239,49042413129237,49;0;42;41;31;292;37
45,1240,494418192,49;44;18;192
45,1241,26714,267;14
45,1242,11718178,1;17;18;178
45,1243,257325320,257;325;320
45,1244,23021937115326,230;219;371;15;326
45,1245,047312218360,0;47;31;22;18;360
45,1246,22235133344350,2;223;51;33;344;350
45,1247,30369359110320118322,30;369;359;110;320;118;322
45,1248,1534805029237,153;48;0;50;29;237
45,1249,1351312,135;13;12
45,1250,12783681883433437,1;278;368;188;34;334;37
45,1251,12133,121;33
45,1252,11721019817837,117;210;198;178;37
45,1253,10298265,10;298;265
45,1254,103331157,103;331;157
46,1255,101981858,10;198;185;8
46,1256,32031495517305157,3;203;149;55;17;305;157
46,1257,1704019437141,170;40;194;37;141
46,1258,2201502971753350,220;150;297;17;53;350
46,1259,58285284,58;285;284
46,1260,44325527017737,44;32;55;270;177;37
46,1261,134348,134;348
46,1262,179310,179;310
46,1263,3751122164123314311,375;112;216;41;233;14;311
46,1264,4033,40;33
46,1265,11758351815,117;58;35;18;15
46,1266,49109425194154,49;109;42;5;19;41;54
46,1267,4425834,44;258;34
46,1268,48225228,48;22;52;28
46,1269,2054352295327,205;43;5;229;53;27
46,1270,20121413069266,20;121;41;306;9;266
46,1271,203380624331,20;338;0;6;24;331
46,1272,5922232173913,59;22;23;217;39;13
46,1273,4517350,45;173;50
46,1274,15217541341,152;175;41;341
46,1275,571728,57;17;28
46,1276,328108304231196254,328;108;304;231;196;254
46,1277,288432538,288;4;325;38
46,1278,34945219627309,349;4;52;196;27;309
46,1279,10157,10;157
46,1280,203232281129,20;323;228;11;29
46,1281,172358238167,172;358;238;167
46,1282,4930112324434,49;301;123;244;34
46,1283,30240358270269191,30;240;358;270;269;191
46,1284,288594330353712,288;59;43;30;35;37;12
46,1285,4316025140,43;160;25;140
46,1286,327181314292,327;18;13;14;292
46,1287,49126251031736111,49;126;251;0;317;361;11
46,1288,13314036220750,133;140;362;207;50
46,1289,18050,180;50
46,1290,64139361,6;41;39;361
46,1291,5119255,5;119;255
46,1292,3624433324337,36;244;333;24;337
46,1293,1034227,10;342;27
46,1294,2621341722214346,262;134;172;22;14;346
46,1295,2762108188,276;2;108;188
46,1296,12510423695625,125;10;42;369;56;25
47,1297,11710301832302737,117;10;30;183;230;27;37
47,1298,3124361,31;24;361
47,1299,4843198225,48;43;198;225
47,1300,493558207,49;355;8;207
47,1301,30537119,30;5;37;119
47,1302,4822159285309346,48;22;15;9;285;309;346
47,1303,1143384755511059,114;338;47;55;51;105;9
47,1304,5637039,56;370;39
47,1305,484356108303249,48;43;56;108;303;249
47,1306,40362519027119,40;36;25;190;27;119
47,1307,435325,43;53;25
47,1308,220203252433695107,220;203;252;43;369;5;107
47,1309,205305,205;30;5
47,1310,27726074015,277;260;7;40;15
47,1311,5912217223938,59;122;17;22;39;38
47,1312,2756574131195345,275;6;57;41;31;195;345
47,1313,10324,10;324
47,1314,353142442345425437,35;314;244;234;54;254;37
47,1315,2356,2;356
47,1316,364351,364;351
47,1317,3323524242,332;35;24;242
47,1318,2863253682315334,286;32;5;368;231;53;34
47,1319,26249581724238,262;49;58;17;24;238
47,1320,25211545139634285,252;115;45;139;6;34;285
47,1321,422166334142,4;22;166;334;142
47,1322,5903748345,59;0;374;8;345
47,1323,134145454317926154,134;145;45;43;179;26;154
47,1324,147216371,147;216;371
47,1325,0375255,0;375;255
47,1326,1613694754253321,161;369;47;54;253;321
47,1327,59343,59;343
47,1328,3027,30;27
47,1329,1951,19;51
48,1330,452402003531213351,45;240;200;35;312;13;351
48,1331,1999189,199;9;189
48,1332,36274,36;274
48,1333,43236311,43;236;311
48,1334,1643237730554142,164;32;377;305;54;142
48,1335,3555928034,355;59;280;34
48,1336,49144162019347,49;144;162;0;19;347
48,1337,585613721418191,58;56;137;214;18;191
48,1338,122310518291,1;223;105;18;291
48,1339,2752873299104,275;287;329;9;104
48,1340,31929,31;9;29
48,1341,225214,22;52;14
48,1342,245334347246,2;45;334;347;246
48,1343,5710752371331314,57;107;52;371;33;13;14
48,1344,214829852,21;48;298;52
48,1345,721654158350,7;216;54;158;350
48,1346,115205421494312,115;205;42;149;4;312
48,1347,169351,169;351
48,1348,10597319131360,10;59;7;31;9;131;360
48,1349,161164319376294258219,161;164;319;376;294;258;219
48,1350,35325259916331235,353;252;59;9;16;331;235
48,1351,3035728256,30;357;28;256
48,1352,22525646370312119,2;252;56;46;370;312;119
48,1353,483581795339,48;358;179;53;39
48,1354,31221538,31;22;15;38
48,1355,319475123308311,319;47;5;123;308;311
49,1356,592271725253,59;227;17;25;253
49,1357,4810445135106,48;10;44;51;35;106
49,1358,272283,272;283
49,1359,14346234248,143;46;234;248
49,1360,55226,5;52;26
49,1361,1940313,19;40;313
49,1362,18029913730614112,180;299;137;306;141;12
49,1363,7111,7;111
49,1364,1825845152,182;58;4;51;52
49,1365,22435,224;35
49,1366,379369166,379;369;166
49,1367,1446442224,144;6;44;22;24
49,1368,02225,0;22;25
49,1369,15227,1;52;27
49,1370,21728,217;28
49,1371,36648339240122179,366;48;339;240;122;179
49,1372,18234211348,182;342;11;348
49,1373,3002302141763432111,300;230;214;176;34;321;11
49,1374,4924296,49;24;296
49,1375,27658222538,276;58;22;25;38
49,1376,2752763654213635259,275;276;365;42;136;35;259
49,1377,3191245122257,319;124;51;22;257
49,1378,11523216272,115;232;16;272
50,1379,431224309,43;122;4;309
50,1380,28928,289;28
50,1381,22036937192209,220;369;37;192;209
50,1382,2315,23;15
50,1383,414619424,41;46;194;24
50,1384,349357179,349;3;57;17;9
50,1385,20559,205;59
50,1386,15017,150;17
50,1387,2221815186294,222;181;5;186;294
50,1388,18013,180;13
50,1389,202231,20;2;231
50,1390,3661891772512,366;18;9;177;25;12
50,1391,937,9;37
50,1392,1123771068,112;377;106;8
50,1393,1350,13;50
50,1394,27610355435822,276;10;355;4;358;22
50,1395,203616,203;6;16
50,1396,0413152206209,0;41;31;52;206;209
50,1397,1267641176118,126;7;6;41;176;118
50,1398,3751381710433137,375;138;17;104;331;37
50,1399,1251443644231188,125;144;364;42;31;188
50,1400,23235142,23;235;142
50,1401,036330,0;36;330
50,1402,136333,136;333
50,1403,48297,48;297
50,1404,31933126719312,3;19;331;267;193;12
50,1405,3227613343323362,3;2;276;133;43;323;362
50,1406,3297,3;297
50,1407,3564116,356;41;16
50,1408,481932461733312,48;19;32;46;17;33;312
50,1409,594523011,59;45;230;11
50,1410,26331312196,263;31;312;196
50,1411,41306,41;306
50,1412,15226336235,152;263;36;235
50,1413,26120034331026,261;200;343;310;26
50,1414,137341294,137;341;294
50,1415,175189,175;189
50,1416,21181412691538,21;181;41;269;15;38
50,1417,1018346,10;18;346
50,1418,3263186273,3;263;186;273
50,1419,10913,109;13
50,1420,24014832293284,240;148;32;293;284
50,1421,353317136331730617,353;3;171;363;317;306;17
51,1422,364584231281269158,364;58;42;31;281;269;158
51,1423,162205113173308,162;205;113;173;308
51,1424,0219259290131,0;219;259;290;131
51,1425,5947234132712,59;47;234;13;27;12
51,1426,27617134,276;171;34
51,1427,3791494625852256,379;149;46;258;52;256
51,1428,224311,224;311
51,1429,58342,58;342
51,1430,251369,251;369
51,1431,401753542539,40;17;53;54;25;39
51,1432,939,9;39
51,1433,3491714241350237,349;171;42;41;350;237
51,1434,1434244374331290,1;43;42;44;374;331;290
51,1435,712217,7;122;17
51,1436,357279139226461834,357;279;139;226;46;18;34
51,1437,311137208,31;11;37;208
51,1438,569177119,56;9;177;119
51,1439,24117372,241;17;372
51,1440,193212021826,19;32;120;218;26
51,1441,143335921410414,143;3;359;214;104;14
51,1442,215356254,215;356;254
51,1443,21252183919023528,21;252;18;39;190;235;28
51,1444,1133192224453,113;319;22;244;53
51,1445,37720829,377;208;29
51,1446,152413110635188,152;41;31;106;35;18;8
51,1447,20616,20;6;16
51,1448,49252021721816309,49;252;0;217;218;16;309
51,1449,26030242708166192,260;30;24;270;8;166;192
51,1450,1334552242,133;45;52;242
51,1451,4556,45;56
51,1452,2309,2;309
51,1453,262594212423361255,262;59;42;124;23;361;255
51,1454,35314724140272,353;147;241;40;272
51,1455,16101862018168,161;0;186;201;8;168
51,1456,23958564178283119,239;58;56;4;178;283;119
52,1457,205110226181616538,205;110;226;18;16;165;38
52,1458,429142,42;9;142
52,1459,20482439361,20;48;24;39;361
52,1460,247,2;47
52,1461,136473115,136;47;31;15
52,1462,4941299,49;41;299
52,1463,20534214238,205;342;14;238
52,1464,3550,35;50
52,1465,25822242352829,258;22;24;235;28;29
52,1466,2894119615627,289;41;196;156;27
52,1467,211631130,211;6;31;130
52,1468,56196,56;196
52,1469,303270,303;270
52,1470,11339190,113;39;190
52,1471,277281,277;281
52,1472,28624253914,286;24;25;39;14
52,1473,36613513017411123,366;135;1;30;174;111;23
52,1474,44426,44;4;26
52,1475,1102811524912911,110;281;15;249;129;11
52,1476,582226714130,58;22;267;14;130
52,1477,287515233,287;51;52;33
52,1478,49355225298556,49;355;225;298;5;56
52,1479,16440,164;40
52,1480,26031636847361,260;316;368;47;361
52,1481,104434228030713156,10;44;342;280;307;13;156
52,1482,3636,363;6
52,1483,1524862411613130,152;48;6;241;16;13;130
52,1484,22032054440258,2;203;205;44;40;258
52,1485,4820217155351,48;20;217;155;351
52,1486,2613624424324,261;36;244;243;24
52,1487,5831552912,58;31;55;29;12
53,1488,13932342,139;32;342
53,1489,3492621915,349;262;19;15
53,1490,3632057123303195337,363;205;7;123;303;195;337
53,1491,41197,41;197
53,1492,16218314,162;183;14
53,1493,15227845612037311,152;278;45;6;120;373;11
53,1494,1984027054341129,198;40;270;54;34;11;29
53,1495,2414,2;4;14
53,1496,2754133225835,275;41;332;258;35
53,1497,31855362809,318;55;36;280;9
53,1498,160333,160;333
53,1499,49251201323838,49;251;201;323;8;38
53,1500,195362,195;362
53,1501,457306,45;7;306
53,1502,494810817347,49;48;108;17;347
54,1503,1150,11;50
54,1504,211435615269165,21;1;43;56;15;269;165
54,1505,3783273081625118,378;327;308;16;25;118
54,1506,318311040,3;183;110;40
54,1507,18333227,183;332;27
54,1508,2762995591638154,276;299;55;9;16;38;154
54,1509,29817234311,298;172;34;311
54,1510,51836157,5;18;36;157
54,1511,353572143243323637,353;57;214;324;33;236;37
54,1512,14513,145;13
54,1513,5817,58;17
54,1514,18337454,183;374;54
54,1515,174443438,174;44;34;38
54,1516,349364214342,349;364;214;342
54,1517,1172511301919611,117;251;1;30;19;196;11
54,1518,3074418527411256,30;7;44;185;274;11;256
54,1519,25332128,253;321;28
54,1520,1262229333,126;22;293;33
54,1521,1108,110;8
54,1522,147732271129,147;7;32;27;11;29
54,1523,48114225179333342,48;114;225;179;333;342
54,1524,1703,170;3
54,1525,4421925,44;219;25
54,1526,366260174279184,366;260;174;279;184
54,1527,21140195811,211;40;195;8;11
54,1528,1465698,146;56;9;8
55,1529,12730573041815,127;30;57;304;18;15
55,1530,62261101534528,6;226;110;15;345;28
55,1531,4315101,43;15;101
55,1532,1503043512427,150;30;43;51;24;27
55,1533,17425,174;25
55,1534,3013922831425310,30;139;228;314;25;310
55,1535,244839,2;44;8;39
55,1536,56294235,56;294;235
55,1537,2393391832401853950,239;339;183;240;185;39;50
55,1538,4264755124233189,42;6;47;55;124;233;189
55,1539,12041722283,1;204;17;22;283
55,1540,11628957,116;289;57
55,1541,4821011559736274,48;210;115;59;7;36;274
55,1542,51308,51;308
55,1543,206207,206;207
55,1544,2041235392062938,204;123;5;39;206;29;38
55,1545,1322787172,132;278;7;172
55,1546,181324531625923812,181;324;53;16;259;238;12
55,1547,30429,30;4;29
55,1548,2863113320155,286;31;13;320;155
55,1549,1204718418524209,1;204;7;184;185;24;209
55,1550,27559149555123329,275;59;149;55;51;233;29
55,1551,116283,116;283
55,1552,4543413133,45;43;41;31;33
55,1553,162215,162;215
55,1554,22333,2;23;33
55,1555,2483397362450,2;48;339;7;36;24;50
55,1556,12630033,126;300;33
55,1557,300106258305120189,300;106;258;305;120;189
55,1558,202416533914,20;241;6;53;39;14
55,1559,125374304,125;374;304
55,1560,145138216295155,145;138;216;295;155
55,1561,263139106315243155,263;139;106;315;243;155
55,1562,170126138215177,170;126;138;215;177
55,1563,3635632,363;56;32
55,1564,4847563615811,48;47;56;36;158;11
55,1565,2125733327,212;57;333;27
55,1566,212875823112024249,21;287;58;231;120;24;249
55,1567,31232,3;1;232
55,1568,30313,303;13
55,1569,2162581931234,2;162;58;19;31;234
55,1570,3651801017329414,365;180;10;173;294;14
55,1571,170303,170;303
55,1572,1375266,1;375;266
56,1573,24926727,249;267;27
56,1574,27510237,275;102;37
56,1575,1819309,181;9;309
56,1576,4333031033612,43;330;310;336;12
56,1577,27619516235283247,276;195;16;235;283;247
56,1578,213503034032333,2;135;0;30;340;32;333
56,1579,2157323207,21;57;323;207
56,1580,15110917229413267,151;109;172;294;13;267
56,1581,032838,0;328;38
56,1582,211224453,2;112;244;53
56,1583,21032259,2;10;32;259
56,1584,36341160344119,363;41;160;344;119
56,1585,463114,46;31;14
56,1586,726,7;26
56,1587,119835282,1;198;35;282
56,1588,26236433227,262;364;332;27
56,1589,1703749334,170;374;9;334
56,1590,488,48;8
56,1591,17022655221772968,170;226;55;22;177;296;8
56,1592,223269291,223;269;291
56,1593,10750,107;50
56,1594,26221003335215,262;210;0;333;52;15
56,1595,48454838,48;45;4;8;38
56,1596,1351882571654282,135;188;257;16;54;282
56,1597,2632424036243345,263;2;42;40;36;243;345
56,1598,1453277518,145;327;7;5;18
56,1599,36755195,367;55;195
56,1600,3482611983312712,3;48;261;198;331;27;12
56,1601,31423264,314;23;264
56,1602,21,21
56,1603,6168209,6;168;209
56,1604,143319324716,143;319;32;47;16
56,1605,25042813131626,250;4;281;313;16;26
56,1606,150571484717104,150;57;148;47;17;104
56,1607,152105723250,152;10;57;232;50
56,1608,16928,169;28
56,1609,2773753437,277;375;34;37
56,1610,2121825718423176,212;182;57;184;23;176
56,1611,3563231370219,356;32;31;370;219
56,1612,3564711,356;47;11
57,1613,17128658303612,171;286;58;30;36;12
57,1614,55317307334265,55;317;307;334;265
57,1615,205138532114112,205;138;5;321;141;12
57,1616,4423,44;23
57,1617,22214168,222;14;168
57,1618,374333,374;333
57,1619,148194135249,148;19;41;35;249
57,1620,26160347,2;6;160;347
57,1621,4636,46;36
57,1622,161164454436,161;164;45;44;36
57,1623,51118167,51;118;167
57,1624,35355916,353;55;9;16
57,1625,2051,20;51
57,1626,2265,2;265
57,1627,4918015267,49;180;15;267
57,1628,17123284212439,171;2;328;42;124;39
57,1629,1531262612255133242,153;126;261;225;51;33;242
57,1630,171646,171;6;46
57,1631,126251301122413264,126;251;30;112;24;13;264
57,1632,22043323315,220;43;32;33;15
57,1633,10157,10;1;57
57,1634,21153334,211;53;334
57,1635,27312236,2;7;31;22;36
57,1636,28640,286;40
57,1637,1181174441913,1;181;174;44;19;13
57,1638,325158232236142,3;251;58;232;236;142
57,1639,2974226336,297;42;26;336
57,1640,482761814221915131,48;276;181;42;219;15;131
57,1641,25373,25;373
57,1642,2892141832529550,289;214;18;325;295;50
57,1643,3272265,3;272;265
57,1644,30150,301;50
57,1645,12811230160157310,128;112;30;160;157;310
57,1646,125102324,125;10;23;24
57,1647,2163636,2;163;6;36
57,1648,203381463036224837,20;338;146;30;362;248;37
57,1649,132595842111326,132;59;58;42;111;326
58,1650,37313,373;13
58,1651,37435,374;35
58,1652,0461813142265,0;46;18;13;142;265
58,1653,1334117,133;41;17
58,1654,37810241313,378;10;241;313
58,1655,0446108,0;44;6;108
58,1656,35518313,355;183;13
58,1657,16432,164;32
58,1658,07359280,0;7;359;280
58,1659,378115552229332512,378;115;55;22;293;325;12
58,1660,146593129,146;59;31;29
58,1661,1612751752411492434,161;275;175;241;149;24;34
58,1662,36511017,365;110;17
58,1663,162103215914023511,162;10;32;159;140;235;11
58,1664,1013034055,10;1;30;340;55
58,1665,33233120,332;33;120
58,1666,49126281541337335,49;126;281;54;13;37;335
58,1667,205367264246,205;367;264;246
58,1668,175350167,175;350;167
58,1669,491611712015926285,49;161;17;120;159;26;285
58,1670,53122928011265,5;31;229;280;11;265
58,1671,30618266322,306;18;266;322
58,1672,30122189255,30;122;18;9;255
58,1673,4532,45;32
58,1674,5857373310,58;57;373;310
58,1675,30113281343268118,30;113;281;343;268;118
58,1676,2059,20;59
58,1677,2481125632936131,2;48;112;56;329;36;131
58,1678,13837131315728438,138;371;313;157;284;38
58,1679,4411015728265,44;110;157;28;265
58,1680,6245926336,6;245;9;26;336
58,1681,25151926512,251;51;9;265;12
58,1682,5932,59;32
58,1683,301473441128,301;47;344;11;28
58,1684,366108111214176,366;108;111;214;176
58,1685,2895818,289;58;18
58,1686,364591386346165154,364;59;138;6;346;165;154
58,1687,25119817,251;198;17
58,1688,304263224550,30;42;6;32;245;50
58,1689,1353693614,135;369;36;14
58,1690,5152194343345,51;52;194;343;345
58,1691,15245423172428,152;45;42;317;24;28
58,1692,116413678,116;41;367;8
58,1693,5516932614209,55;169;326;14;209
59,1694,31435272321335,31;4;35;272;321;335
59,1695,5927,5;9;27
59,1696,2101753218,21;0;175;32;18
59,1697,125212333307,1;252;123;33;307
59,1698,3240426723812,32;40;4;267;238;12
59,1699,26251930937118,262;51;9;309;37;118
59,1700,327343,327;343
59,1701,5314238,53;14;238
59,1702,338225,338;225
59,1703,3423512,34;235;12
59,1704,32283154,32;283;154
59,1705,5937126235,59;371;26;235
59,1706,928,9;28
59,1707,114923267,1;149;23;267
59,1708,13016528,1;30;165;28
59,1709,222551781613,222;55;17;8;16;13
59,1710,53688362,5;368;8;362
59,1711,444254,44;42;54
59,1712,239531521737,239;5;315;217;37
59,1713,582529,58;25;29
59,1714,1527193335,15;27;193;335
59,1715,20151433152242,20;151;43;31;52;242
59,1716,27271,27;271
59,1717,2033633571083415339,203;363;357;108;341;53;39
59,1718,22647,226;47
59,1719,3335427,333;54;27
59,1720,594342523081650,59;43;42;52;308;16;50
59,1721,18110189,181;10;189
59,1722,115245,115;245
59,1723,4411151310,44;111;51;310
59,1724,111217231623321,1;112;172;316;23;321
59,1725,35255323189140193,352;55;323;18;9;140;193
59,1726,20114210591625950,20;114;210;59;16;259;50
59,1727,27622751,276;227;51
59,1728,37457238,374;57;238
59,1729,2243044272246,224;304;4;272;246
59,1730,317158162512,3;17;158;16;25;12
60,1731,21112731914916344310,211;127;319;149;16;344;310
60,1732,25725206207,257;25;206;207
60,1733,2351427338,2;35;14;273;38
60,1734,170565521418850,170;56;55;214;188;50
60,1735,137330,137;330
60,1736,571918242235264,57;19;18;242;235;264
60,1737,4515361130,45;15;361;130
60,1738,633314,6;333;14
60,1739,5851,58;51
60,1740,44373,44;373
60,1741,1352225522410327,135;222;5;52;24;103;27
60,1742,12250,122;50
60,1743,425521925731237,42;55;219;257;312;37
60,1744,546402395450,5;46;40;23;9;54;50
60,1745,52218256292,5;22;18;256;292
60,1746,22135932353,221;359;323;53
60,1747,11613222229,116;1;32;22;229
60,1748,1351332151488101119,135;133;215;148;8;101;119
60,1749,5712337138,57;123;371;38
60,1750,2413534,241;35;34
60,1751,13818447312850,138;184;47;31;28;50
60,1752,10951750,109;5;17;50
60,1753,2013554334,20;135;5;4;334
60,1754,201453333126,20;145;33;331;26
60,1755,1731254309,17;312;54;309
60,1756,262624214,262;6;242;14
60,1757,3642973224347,364;297;32;24;347
60,1758,13345178330,133;45;178;330
60,1759,329,32;9
60,1760,20482221753,20;48;222;17;53
60,1761,3281734129,328;17;34;129
60,1762,145105834126911,145;10;58;341;269;11
60,1763,5118311,51;18;311
60,1764,2212281,221;2;281
60,1765,1351332252416837,135;133;225;24;168;37
60,1766,48122367,48;122;367
60,1767,314755,3;147;55
60,1768,2624531622513413,262;45;316;22;51;34;13
60,1769,2031174636335,203;1;174;6;36;335
60,1770,18344111,183;44;111
60,1771,3552526189,355;252;6;189
60,1772,239528010327,239;5;280;103;27
61,1773,10914,109;14
61,1774,22926723828,229;267;238;28
61,1775,3193045110514228,319;304;51;105;142;28
61,1776,328429,3;284;29
61,1777,216323033029,2;163;230;330;29
61,1778,2120355328201,21;20;355;328;201
61,1779,11111,111;11
61,1780,32346,32;346
61,1781,022411318177265,0;224;113;18;177;265
61,1782,36518716934,365;187;169;34
61,1783,211237,211;237
61,1784,2414,24;14
61,1785,21556,215;56
61,1786,3634,36;34
61,1787,320214545,3;202;145;45
61,1788,2781989,278;198;9
61,1789,36615053135233266,366;150;5;31;35;233;266
61,1790,48423692819343101,48;42;369;281;9;343;101
61,1791,12864017236,128;6;40;17;236
61,1792,202245463762251,20;224;5;46;376;22;51
61,1793,300024517154,300;0;245;17;154
61,1794,250377227462334213,250;377;227;46;23;342;13
61,1795,3395814917,339;58;149;17
61,1796,364252201,364;252;201
61,1797,162347,162;347
61,1798,2754925134737154,275;49;251;347;37;154
61,1799,2149743415428,21;49;7;43;41;54;28
61,1800,0281177102141,0;281;177;102;141
61,1801,1702774018293,170;277;40;18;293
61,1802,22539,225;39
61,1803,491453411588,49;145;341;158;8
61,1804,28922,289;22
61,1805,4921242241,49;212;42;241
62,1806,3266,3;266
62,1807,1843230324638,184;32;303;246;38
62,1808,21716,217;16
62,1809,349202185329173,3;49;202;185;329;173
62,1810,134593671891337,134;59;367;189;13;37
62,1811,12723242,127;23;242
62,1812,3018,30;18
62,1813,519,51;9
62,1814,4618734307,46;187;34;307
62,1815,14432319439,1;44;323;194;39
62,1816,2503515811,250;35;158;11
62,1817,2022132013721419028,202;213;201;372;14;190;28
62,1818,22434,224;34
62,1819,1457253322,145;7;253;322
62,1820,1394721437126,139;47;214;371;26
62,1821,127182,127;182
62,1822,5436360,5;4;36;360
62,1823,2059151302194265,20;59;151;302;194;265
62,1824,05857316532612,0;58;57;316;53;26;12
62,1825,1813013510428,181;301;35;104;28
62,1826,1474552215158207,147;4;55;22;15;158;207
62,1827,378224445636,378;224;44;56;36
62,1828,49352367432515550,49;352;367;4;325;155;50
62,1829,1275438,127;54;38
62,1830,132555215,1;32;55;52;15
62,1831,353198640270131238,353;198;6;40;270;131;238
62,1832,45209,45;209
62,1833,2054,20;54
62,1834,3252,32;52
62,1835,16121236319257361271,161;212;363;19;257;361;271
62,1836,423624,42;36;24
62,1837,3522504635,352;250;46;35
62,1838,5837,58;37
62,1839,25020472348345,250;204;7;234;8;345
62,1840,13816,138;16
62,1841,21233373284,21;233;373;284
62,1842,1332784252189235,133;278;42;52;189;235
63,1843,203160,203;160
63,1844,14420517925157253266,144;205;179;25;157;253;266
63,1845,2159572439,21;59;57;24;39
63,1846,1455756236141,145;57;56;236;141
63,1847,14417435295168,144;174;35;295;168
63,1848,35365334348,35;36;53;34;348
63,1849,44341,44;341
63,1850,20318235955191266,203;182;359;55;191;266
63,1851,220180295362350,220;180;295;362;350
63,1852,4913217285,49;132;17;285
63,1853,185265,185;265
63,1854,182243073414,182;24;307;34;14
63,1855,10272922837283,10;27;292;28;37;283
63,1856,3751372315210111,375;137;231;52;101;11
63,1857,2114035221627,211;40;35;22;16;27
63,1858,32718330525,327;183;305;25
63,1859,5846371196233282,58;46;371;196;233;282
63,1860,2405531229,240;55;312;29
63,1861,21318585744,21;318;58;57;44
63,1862,236919554037,2;369;19;55;40;37
63,1863,4223838,42;238;38
63,1864,357227,357;227
63,1865,17444,174;44
64,1866,2122261328,21;22;26;13;28
64,1867,326336,326;336
64,1868,33832836284,338;328;36;284
64,1869,3411603514350,3;41;160;35;14;350
64,1870,182244,182;244
64,1871,379445233025140167,379;44;52;330;25;140;167
64,1872,2255525854206,225;55;258;54;206
64,1873,3493253155,349;32;53;155
64,1874,21202413223268118,212;0;241;32;23;268;118
64,1875,134211802050597,134;21;180;205;0;59;7
64,1876,57230813166271,57;230;8;13;166;271
64,1877,21481464314,21;48;146;43;14
64,1878,3127,31;27
64,1879,18346,183;46
64,1880,13201121755224351,132;0;112;175;52;24;351
64,1881,13422362,134;22;362
64,1882,2300105,2;300;105
64,1883,1112,1;112
64,1884,29751913712,297;5;191;37;12
64,1885,41186,41;186
64,1886,27611244325616168,276;112;44;32;56;16;168
64,1887,378324618229330265,378;32;46;18;229;330;265
64,1888,29937310024712,299;373;100;247;12
64,1889,481735225336166,48;173;52;25;336;166
64,1890,3384046,338;40;46
64,1891,137730634157,1;377;306;34;157
64,1892,220367,220;367
64,1893,263133461061752,263;133;46;106;17;52
64,1894,26037134,260;371;34
64,1895,206113313246,20;6;113;313;246
64,1896,5914736237,59;147;36;237
64,1897,188336,188;336
64,1898,2124319951187248,212;43;199;51;187;24;8
64,1899,3745718524130,374;57;185;24;130
64,1900,43472015512,43;47;201;55;12
64,1901,1142102416156209,114;210;24;16;156;209
64,1902,369419616246,369;4;196;16;246
64,1903,484310224929,48;43;102;249;29
64,1904,29752965425101192,297;5;296;54;25;101;192
64,1905,349275164233,349;275;164;233
64,1906,541314,54;13;14
65,1907,594722,59;47;22
65,1908,297225374356429337,297;225;374;356;42;9;337
65,1909,27511511357,275;115;113;57
65,1910,411935515325328,41;19;35;51;53;253;28
65,1911,32936824267,329;368;24;267
65,1912,2059473354307,20;59;47;33;54;307
65,1913,3036,30;36
65,1914,5223,52;23
65,1915,349563229533712,349;56;32;295;337;12
65,1916,37917023555,379;170;2;355;5
65,1917,221368,221;368
65,1918,2631127630625,263;1;127;6;306;25
65,1919,1392421763433637,139;242;176;34;336;37
65,1920,19529437023450,195;294;370;234;50
65,1921,21273634393426,2;127;36;343;9;34;26
65,1922,311715059244193,3;117;150;59;244;193
65,1923,332713934012,3;327;139;340;12
65,1924,145513337274335,1;45;51;33;37;274;335
65,1925,30183223428273,30;183;22;34;28;273
65,1926,451,4;51
65,1927,417178,4;17;178
65,1928,26181331137,2;6;18;13;311;37
65,1929,482521825285165255,48;252;18;25;285;165;255
65,1930,35773294127,357;7;329;41;27
65,1931,2019337,20;19;337
65,1932,730229,7;302;29
65,1933,27835732317721710011,278;357;323;177;217;100;11
65,1934,28722347253929,287;223;47;25;39;29
65,1935,3018713130,30;187;13;130
65,1936,101988100,10;198;8;100
66,1937,5830371,58;30;371
66,1938,1352872244634136,135;287;224;46;341;36
66,1939,102695415728,10;269;54;157;28
66,1940,18819415192,188;194;15;192
66,1941,1342014724237,134;20;147;242;37
66,1942,288210522422958,288;2;10;52;242;295;8
66,1943,33190156,33;190;156
66,1944,1161274017166311,116;127;40;17;166;311
66,1945,297433283929351,297;43;328;39;29;351
66,1946,2279192321734628,2;279;19;23;217;346;28
66,1947,300351,300;351
66,1948,22147168142,221;47;16;8;142
66,1949,358441771310112,3;58;44;177;13;101;12
66,1950,493529250,49;35;292;50
66,1951,42322543919312,42;32;254;39;193;12
66,1952,352338424432155,352;338;42;44;32;155
66,1953,2756256291,2;7;56;256;291
66,1954,144132592161529526,144;132;59;216;15;295;26
66,1955,261755,261;7;55
66,1956,349107372,349;107;372
66,1957,1156280361516310,115;6;280;36;15;16;310
66,1958,2145166292,2;145;166;292
66,1959,105640187248,10;56;40;187;248
66,1960,2752121341813037,275;212;1;341;8;130;37
66,1961,49483044638,49;48;30;4;46;38
66,1962,1453246177,145;32;46;177
66,1963,5836,58;36
66,1964,48595632191254290,48;59;56;32;191;254;290
66,1965,211011917,21;10;1;19;17
66,1966,3529411,35;294;11
66,1967,4928910947185239,49;289;109;47;18;52;39
66,1968,3554037336229,355;40;373;362;29
66,1969,2031046254311,203;10;46;254;311
66,1970,5342242,5;342;242
66,1971,512312293326,51;231;229;33;26
66,1972,2861454732528,286;145;47;325;28
66,1973,2032893634013206,203;289;363;40;13;206
66,1974,342331,342;331
66,1975,202202773317611,202;20;277;33;176;11
66,1976,306264,30;6;264
67,1977,25041178100,250;41;178;100
67,1978,15136,151;36
67,1979,462324412,46;23;244;12
67,1980,429237,4;29;237
67,1981,2031804735,203;180;47;35
67,1982,1462241093071613,146;224;109;307;16;13
67,1983,02411531013166,0;241;15;310;13;166
67,1984,4233,42;33
67,1985,30122,301;22
67,1986,17020426044237322,170;204;260;44;237;322
67,1987,17238,17;238
67,1988,2234,223;4
67,1989,36323424323512,363;234;243;235;12
67,1990,48341,48;341
67,1991,117287137194343,117;287;137;194;343
67,1992,7215221593413,7;215;22;159;34;13
67,1993,2794237755107331102,279;42;377;55;107;331;102
67,1994,2527299514016512,252;7;299;5;140;165;12
67,1995,259271,259;271
67,1996,3791283582214012,379;128;358;22;140;12
67,1997,202230328,202;2;30;328
67,1998,34537193,3;45;37;193
67,1999,223017232,223;0;17;232
67,2000,300310,300;310
67,2001,260590361581427,260;59;0;36;158;14;27
67,2002,43305,43;305
67,2003,35563143914,355;6;31;4;39;14
67,2004,241528,241;52;8
67,2005,455373285,45;5;373;285
67,2006,2147322414208,2;147;32;24;14;208
67,2007,1057,10;57
67,2008,2237,223;7
67,2009,22458307373102235,224;58;307;373;102;235
67,2010,13540137373829,135;40;137;37;38;29
67,2011,2119189141,211;9;189;141
67,2012,1323553295322,132;355;329;5;322
67,2013,48142167,48;142;167
67,2014,2522165250,252;216;52;50
67,2015,236755,2;367;55
67,2016,286431954362264,286;43;19;54;362;264
68,2017,128021546,128;0;215;46
68,2018,122305816033271,1;223;0;58;160;33;271
68,2019,22219527,222;195;27
68,2020,12073750119,1;207;37;50;119
68,2021,4228,42;28
68,2022,12220,1;222;0
68,2023,35517418715347283255,355;174;187;15;347;283;255
68,2024,1434324914,143;43;249;14
68,2025,21111522416032550,211;115;224;160;325;50
68,2026,1631073529336265,163;107;35;293;36;265
68,2027,37924151,379;2;41;51
68,2028,2032041824812,203;204;18;248;12
68,2029,12313,123;13
68,2030,1451634358290255,145;163;4;35;8;290;255
68,2031,35539193,355;39;193
68,2032,220181103775651,2;20;181;10;377;56;51
68,2033,1275811141,127;58;11;141
68,2034,302405359811193,30;240;5;359;8;11;193
68,2035,19919,199;19
68,2036,162594327027,162;59;43;270;27
68,2037,31182932712,31;18;293;27;12
68,2038,30634324331,306;343;24;331
68,2039,22232917737,222;32;9;177;37
68,2040,2502182227916249,250;2;182;227;9;16;249
68,2041,484551824253,48;45;5;18;24;253
68,2042,1641935,164;19;35
68,2043,21151371,211;51;371
68,2044,4923539235255264,49;2;35;39;235;255;264
69,2045,2043682228,204;368;22;28
69,2046,36351,363;51
69,2047,152314,152;314
69,2048,128282141,128;282;141
69,2049,2232,2;232
69,2050,278269,278;269
69,2051,2198176,2;198;176
69,2052,1612952712,161;295;27;12
69,2053,2605622,260;56;22
69,2054,34911733859175195,349;117;338;59;175;195
69,2055,125357453116,125;357;45;31;16
69,2056,1811092838,181;109;28;38
69,2057,104612,10;46;12
69,2058,3124,31;24
69,2059,12938,129;38
69,2060,212182223138290,212;182;223;138;290
69,2061,27936819361,279;368;19;361
69,2062,2120540103140265,21;205;40;103;140;265
70,2063,1251173005623207,125;117;300;56;23;207
70,2064,29825816,298;258;16
70,2065,1725237326,172;52;373;26
70,2066,4803012254124228,48;0;301;225;41;242;28
70,2067,1463518815373350,146;35;188;15;373;350
70,2068,021952,0;219;52
70,2069,240636103,240;6;36;103
70,2070,184107247,184;107;247
70,2071,114369811193,114;369;8;11;193
70,2072,131,1;31
70,2073,59584424,59;58;44;24
70,2074,2030112323750,20;30;112;32;37;50
70,2075,327183,327;183
70,2076,239261572327,239;261;57;23;27
70,2077,147312,147;312
71,2078,250314187333256,250;314;187;333;256
71,2079,11618232358175429,116;182;32;358;17;54;29
71,2080,21331254,21;331;254
71,2081,41041613129,4;104;16;131;29
71,2082,2594432925,2;59;44;329;25
71,2083,15826,158;26
71,2084,4452,44;52
71,2085,2158425234338,21;58;42;52;343;38
71,2086,363914,36;39;14
71,2087,18436345309247237,184;36;345;309;247;237
71,2088,1443654247111336,144;365;42;47;111;336
71,2089,32334,323;34
71,2090,49010852191256,49;0;108;52;191;256
71,2091,262167,262;167
71,2092,181210242,181;210;242
71,2093,1631472242324190,163;147;224;23;24;190
71,2094,11552269192,115;52;269;192
71,2095,46238,46;23;8
71,2096,289141250,289;14;12;50
71,2097,4413656305,44;136;56;305
71,2098,288035167,288;0;35;167
71,2099,250224186228,250;224;186;22;8
71,2100,174301362002143427,174;30;136;200;214;34;27
71,2101,326321224295,3;263;212;24;295
71,2102,2023384419233118,202;338;44;19;233;118
71,2103,162289257,162;289;257
71,2104,26045301083705437,260;45;30;108;370;54;37
71,2105,22710614,227;106;14
71,2106,618653,6;186;53
71,2107,525314,5;253;14
71,2108,2880193313127,288;0;19;33;131;27
71,2109,32317533413321209,32;317;53;34;13;321;209
71,2110,23015339166,2;301;5;33;9;166
71,2111,20195521431327,20;19;55;214;313;27
71,2112,47245414,47;24;54;14
72,2113,325218,3;25;218
72,2114,2001118,20;0;111;8
72,2115,11247,112;47
72,2116,101465742149,10;146;57;42;149
72,2117,221212461339311,221;212;46;13;39;311
72,2118,3701715,370;17;15
72,2119,175264,175;264
72,2120,48371,48;371
72,2121,3742995322148157,374;299;5;32;214;8;157
72,2122,7412,7;4;12
72,2123,3628167,36;28;167
72,2124,163413671837215271,163;41;367;18;372;15;271
72,2125,226022251248,2;260;222;51;248
72,2126,2101334364624156,210;133;43;6;46;24;156
72,2127,2586310,2;58;6;310
72,2128,21031248,210;31;24;8
72,2129,14334167,1;43;34;167
72,2130,277105313248,277;10;53;13;248
72,2131,17518724,175;187;24
72,2132,495842573230839,49;58;42;57;32;308;39
72,2133,58136291,58;136;291
73,2134,5932,59;32
73,2135,3615,36;15
73,2136,2233033,223;30;33
73,2137,75125916142238,7;51;259;16;142;238
73,2138,14835333,148;35;333
73,2139,35354265,353;54;265
73,2140,35328956324153429,353;289;56;324;15;34;29
73,2141,35917,359;17
73,2142,619922,6;199;22
73,2143,17014510240475426,170;145;10;240;47;54;26
73,2144,45521829628,45;52;18;296;28
73,2145,20359374216517346,203;59;374;216;5;17;346
73,2146,21365363,21;365;363
73,2147,276153364595370,276;153;364;59;5;370
73,2148,57322326939,57;32;23;269;39
73,2149,0342331,0;342;331
73,2150,4926826,49;268;26
73,2151,45148551314247321,45;148;55;13;14;247;321
73,2152,37544,375;44
73,2153,34925137514,349;251;375;14
73,2154,2415531533159321,241;55;315;33;159;321
73,2155,2020182,202;0;182
73,2156,134312,134;312
73,2157,492213640215,49;221;364;0;215
73,2158,424446280118,42;44;46;280;118
73,2159,2600,260;0
73,2160,57442295426,57;44;229;54;26
73,2161,22513337,225;13;337
73,2162,215537017529307,215;5;370;17;52;9;307
73,2163,18196140,18;196;140
73,2164,32924816610226627,329;24;8;166;102;266;27
73,2165,162103019914938,162;10;30;199;149;38
73,2166,591924,59;19;24
74,2167,2427,24;27
74,2168,170114133201178,170;114;133;201;178
74,2169,48330253,48;330;253
74,2170,241732529335,2;4;17;325;29;335
74,2171,226258197,226;258;197
74,2172,340118,3;40;118
74,2173,11956172227,1;19;56;172;227
74,2174,313710523636113111,3;137;105;236;361;131;11
74,2175,2794331923426236360,279;43;319;234;26;236;360
74,2176,35612215839,356;122;158;39
74,2177,12521224022326,125;212;240;22;326
74,2178,657,6;57
74,2179,22031050,220;310;50
74,2180,105930537282,10;59;305;37;282
74,2181,203281,203;281
74,2182,3003251313342527,300;32;51;313;34;25;27
74,2183,3741722933632531127,374;172;293;36;325;311;27
74,2184,2287200242209255,2;287;200;242;209;255
74,2185,304258337165119,304;25;8;337;165;119
74,2186,1635404622306,163;5;40;46;22;306
74,2187,2622391,262;239;1
74,2188,328316377157,328;316;377;157
74,2189,019213551792950,0;19;213;55;179;29;50
74,2190,48301918633142,48;30;19;186;33;142
74,2191,359,3;59
74,2192,590,59;0
74,2193,473634,47;36;34
74,2194,4154248,41;54;248
74,2195,5153,51;53
74,2196,20430308,204;30;308
74,2197,341293334,341;293;334
74,2198,492762434,49;276;24;34
74,2199,1621924226,162;1;9;242;26
74,2200,4151158166101,41;51;158;166;101
74,2201,5931824028014,59;318;240;280;14
74,2202,482984130336,48;298;41;303;36
74,2203,12525,125;25
74,2204,20521625192,20;52;16;25;192
74,2205,1445717825411335,144;57;178;254;11;335
75,2206,18535,185;35
75,2207,13830327,138;303;27
75,2208,15244478190,152;44;47;8;190
75,2209,1427239309130350,1;4;272;39;309;130;350
75,2210,17412,174;12
75,2211,55370,55;370
75,2212,463117728,46;31;177;28
75,2213,164356434233325914,164;356;4;342;333;259;14
75,2214,3241213347,3;241;213;347
75,2215,163143,163;1;43
75,2216,278195325,278;19;53;25
75,2217,10306324372834283,10;306;324;372;8;34;283
75,2218,48194723310227,48;19;47;233;102;27
75,2219,22010375625,2;20;10;375;6;25
75,2220,723,7;23
75,2221,12511,125;11
75,2222,1281839238,128;18;39;238
75,2223,592226345141,59;22;26;345;141
75,2224,2118234028136189238,21;182;340;281;36;189;238
75,2225,30613,306;13
75,2226,138155,138;155
76,2227,356231516514,356;23;15;165;14
76,2228,30742168373,30;7;42;16;8;373
76,2229,36822718630617256,368;227;186;306;17;256
76,2230,2114151911,211;41;51;9;11
76,2231,494223021416629,49;42;230;214;166;29
76,2232,3913,39;13
76,2233,487369471727024,48;7;369;47;17;270;24
76,2234,153734238,153;7;342;38
76,2235,3523634,352;36;34
76,2236,11325,113;25
76,2237,35624525,3;56;245;25
76,2238,112237,112;237
76,2239,3693218,369;32;18
76,2240,263106362,263;106;362
76,2241,3392282513247322,339;228;25;13;247;322
76,2242,4712417,47;124;17
76,2243,354305731327426438,354;30;57;313;274;264;38
77,2244,2603002815313267311,260;300;281;53;13;267;311
77,2245,3341,3;341
77,2246,475116715429,47;51;167;154;29
77,2247,17011621216417444254,170;116;212;164;174;44;254
77,2248,3113329171528,3;113;329;17;15;28
77,2249,15245475423313,152;45;47;54;233;13
77,2250,31615155,316;15;155
77,2251,214810196824650,21;48;10;196;8;246;50
77,2252,27239,272;39
77,2253,0193232352,0;19;32;323;52
77,2254,3554429915,355;44;299;15
77,2255,147189,147;189
77,2256,204362193,204;362;193
77,2257,552231229,55;22;312;29
77,2258,11625208,116;25;208
77,2259,2102525213118360,21;0;252;52;13;118;360
77,2260,161276119923426,161;276;1;199;234;26
77,2261,20443683613118282,20;44;368;36;13;118;282
77,2262,44322,44;322
77,2263,35317620637,3;53;176;206;37
77,2264,162216226244307118,162;216;226;244;307;118
77,2265,220612,220;6;12
77,2266,2181411712,2;181;41;17;12
77,2267,34913823055305268351,349;138;230;55;305;268;351
77,2268,056242254,0;56;242;254
77,2269,5910740306545029,59;107;40;306;54;50;29
77,2270,0137161328,0;137;16;13;28
77,2271,1445732323291,144;57;32;323;291
77,2272,2211035813346,221;10;358;13;346
77,2273,36910717614,369;107;176;14
77,2274,59404622142,59;40;46;22;142
77,2275,28616738,286;167;38
77,2276,4921225403314,49;21;225;40;33;14
77,2277,1622784522819723316,162;278;45;228;197;233;16
77,2278,16257176285292,162;57;176;285;292
78,2279,56307196,56;307;196
78,2280,228605930123838,2;286;0;59;301;238;38
78,2281,481641534249,48;164;15;34;249
78,2282,18210940195285157,182;109;40;195;285;157
78,2283,3651452003309,365;145;200;330;9
78,2284,1629,16;29
78,2285,10475533210327,10;47;55;332;103;27
78,2286,48153564030825334,48;153;56;40;308;25;334
78,2287,213524256186332335,21;352;42;56;186;332;335
78,2288,719227323168291,7;19;227;323;168;291
78,2289,10258169189,10;258;169;189
78,2290,10409197,10;40;9;197
78,2291,14647513633295,146;47;51;36;33;295
78,2292,17523,175;23
78,2293,2031813428256,203;181;34;28;256
78,2294,215859189284208,21;58;5;9;189;284;208
78,2295,115710316829,115;7;103;168;29
78,2296,584157,58;4;157
78,2297,03058297108299,0;30;58;297;108;299
78,2298,358305238,358;305;238
78,2299,2054256,205;42;56
78,2300,19922,199;22
78,2301,1171381725426248190,117;138;172;54;26;248;190
78,2302,494530216424331,49;45;30;216;42;4;331
78,2303,592550,59;25;50
78,2304,262211512233249,262;21;151;22;33;249
78,2305,20128733946361334,20;1;287;339;46;361;334
79,2306,619410636,6;19;4;106;36
79,2307,12332359563173328,123;32;359;56;317;33;28
79,2308,288112333342,288;112;333;342
79,2309,2278,2;278
79,2310,28918022268208,289;180;22;268;208
79,2311,17112618,171;126;18
79,2312,149323245,149;323;245
79,2313,56434111209,56;4;341;11;209
79,2314,52196373,52;196;373
79,2315,2529,252;9
79,2316,2223426,22;234;26
79,2317,5527,55;27
79,2318,27642294322,276;42;294;322
79,2319,145175,145;175
79,2320,16153,161;53
79,2321,2203552523455012,220;355;252;345;50;12
79,2322,175230,175;230
79,2323,4623,46;23
79,2324,1221491725123,122;149;172;51;23
79,2325,22017,220;17
79,2326,49310634,49;3;106;34
79,2327,289199201,289;199;201
79,2328,211742325130533128,21;174;232;51;305;331;28
79,2329,14411491241412,144;1;149;124;14;12
79,2330,368525309,368;5;25;309
79,2331,352230182728,352;230;18;27;28
79,2332,150595292264,150;59;5;292;264
79,2333,1251141539,125;114;15;39
79,2334,21033,210;33
79,2335,10301,10;301
79,2336,162482031924411,162;48;203;19;244;11
79,2337,35345192,35;345;192
79,2338,278430351522534,278;4;303;51;52;25;34
80,2339,490540172239,49;0;5;40;17;22;39
80,2340,1263575654165,126;357;56;54;165
80,2341,16149171342,161;49;171;342
80,2342,112194140418102,112;19;41;40;4;18;102
80,2343,1211959813,121;195;9;8;13
80,2344,3752362342938,3;7;52;36;234;29;38
80,2345,48260112412,48;260;1;124;12
80,2346,4822342328320,48;223;42;32;8;320
80,2347,163205358306,163;205;358;306
80,2348,1452334,145;23;34
80,2349,202352745550,202;352;7;45;5;50
80,2350,211213303352592614,211;213;303;35;259;26;14
80,2351,031393728,0;31;39;37;28
80,2352,184554,184;5;54
80,2353,202351881328,202;35;188;13;28
80,2354,48553243238,48;5;53;243;238
80,2355,3329371243431038,3;329;371;24;34;310;38
80,2356,1144530452,114;45;304;52
80,2357,56296,56;296
80,2358,5292,5;292
80,2359,5191051629,5;19;105;16;29
80,2360,31475529,3;147;55;29
80,2361,161316314,161;316;314
81,2362,221120118834,221;1;201;18;8;34
81,2363,277526,277;5;26
81,2364,14523190274,145;23;190;274
81,2365,74518249337265,7;45;18;249;337;265
81,2366,3045232839311,30;45;232;8;39;311
81,2367,161377194268,161;377;194;268
81,2368,441940245105,44;19;40;245;105
81,2369,4818027919340426,48;180;279;19;340;4;26
81,2370,1831325428,18;313;254;28
81,2371,1091843774613,109;184;377;46;13
81,2372,32722731188257,327;227;31;188;257
81,2373,185325610493711,185;32;56;104;9;37;11
81,2374,195107306268,19;5;107;306;268
81,2375,319554176129,3;195;54;176;129
81,2376,162838,16;28;38
81,2377,1436,143;6
81,2378,49204219330,49;204;219;330
81,2379,561791772963413,56;179;177;296;34;13
81,2380,32182428338,32;18;24;283;38
82,2381,17447179233,174;47;179;233
82,2382,18010299293231,180;10;299;293;231
82,2383,104717830734,10;47;178;307;34
82,2384,482864029418270,48;286;40;294;18;270
82,2385,57173120,57;173;120
82,2386,297351815345237,297;35;18;15;345;237
82,2387,369532411929,369;5;324;119;29
82,2388,10185264,10;185;264
82,2389,35522188100,355;22;188;100
82,2390,250253929,250;25;39;29
82,2391,3258,3;258
82,2392,1940,19;40
82,2393,162278305434334,162;278;30;54;34;334
82,2394,5763210855268101,57;6;32;108;55;268;101
82,2395,180431956320,180;43;19;56;320
82,2396,47201,47;201
82,2397,4358303,43;58;303
82,2398,18047229,180;47;229
83,2399,2305344350,2;305;344;350
83,2400,11613213,116;132;13
83,2401,32461836189,32;46;18;36;189
83,2402,148160111,148;160;111
83,2403,35275426155,352;7;54;26;155
83,2404,354375,354;375
83,2405,20428610435124,204;286;10;43;51;24
83,2406,12513245347,125;132;45;347
83,2407,3595118724454102,359;51;187;244;54;102
83,2408,17020115351901129,170;20;115;35;190;11;29
83,2409,2023393550,202;339;35;50
83,2410,953158,9;53;158
83,2411,4329,43;29
83,2412,2791833765133256247,279;183;376;51;33;256;247
83,2413,222357365425,222;357;36;54;25
83,2414,3020129,30;201;29
83,2415,115562132638,115;56;213;26;38
84,2416,36417417727,364;174;177;27
84,2417,31910514238,319;105;142;38
84,2418,15233818454235271,152;338;184;54;235;271
84,2419,318298322455237,318;298;32;245;52;37
84,2420,1735,17;35
84,2421,2891437256,289;14;37;256
84,2422,013130,0;13;130
84,2423,36333943105229313130,363;339;43;105;229;313;130
84,2424,12571991921424,125;7;199;19;214;24
84,2425,36153426132829,36;15;34;26;13;28;29
84,2426,1342163118837,134;216;31;188;37
84,2427,35644139513093728,356;44;139;51;309;37;28
84,2428,109462943718,109;46;294;371;8
84,2429,260279568,260;279;56;8
84,2430,201632418,20;163;241;8
84,2431,211834422934361129,21;183;44;229;34;361;129
84,2432,28610919524712,286;109;195;247;12
84,2433,225228,225;228
84,2434,21057280282351,210;57;280;282;351
84,2435,1037731376515438,10;377;31;376;51;54;38
84,2436,1011926615438,10;1;19;266;154;38
84,2437,56295267,56;295;267
84,2438,4913218283712,49;132;18;28;37;12
84,2439,3653337,36;53;337
84,2440,36636520031419416,366;365;20;0;314;194;16
84,2441,4922317,49;223;17
84,2442,2010,20;10
84,2443,28823,288;23
84,2444,49910015438,49;9;100;154;38
85,2445,28820320575233316,288;203;20;57;52;333;16
85,2446,28013321,280;13;321
85,2447,216230,216;230
85,2448,1153181113629619113,115;318;111;36;296;191;13
85,2449,04651267290118,0;46;51;267;290;118
85,2450,179253,179;253
85,2451,205753408259,20;57;5;340;8;259
85,2452,2331311351,233;13;11;351
85,2453,2395391012728292,239;53;9;101;27;28;292
85,2454,2971733,297;17;33
85,2455,31828152253,318;281;52;253
85,2456,24417322248320,2;44;173;22;248;320
85,2457,5945185,59;45;185
85,2458,1632103023242329,163;210;302;324;23;29
85,2459,593950,59;39;50
85,2460,16120307176,161;20;307;176
85,2461,35559553123129,355;59;55;31;231;29
85,2462,63672702416196361,6;367;270;24;16;196;361
85,2463,134316324,134;316;324
85,2464,24530431734311,2;45;304;317;34;311
85,2465,4912834,49;128;34
86,2466,126197,126;197
86,2467,186259190,186;259;190
86,2468,37573419129,3;7;57;34;191;29
86,2469,64116,6;41;16
86,2470,4937,4;9;37
86,2471,4912821518,49;128;215;18
86,2472,128370837237,128;370;8;37;237
86,2473,1064733325165,10;6;47;333;25;165
86,2474,30119552,301;195;52
86,2475,4717918,47;179;18
86,2476,34926242303,3;49;262;42;303
86,2477,21024010615343140,2;10;240;106;15;343;140
86,2478,3663653581810453307,366;365;358;18;104;53;307
86,2479,2212141021411237,221;214;102;14;11;237
86,2480,47565546533438,47;56;55;46;53;34;38
86,2481,108190,108;190
86,2482,3382057281194,338;205;7;281;194
86,2483,162150044932027,162;150;0;44;9;320;27
87,2484,28613344179,286;133;44;179
87,2485,19871829613192,198;7;18;296;13;192
87,2486,2001365522,200;136;55;22
87,2487,554513523124414,55;4;51;35;231;244;14
87,2488,214193,214;193
87,2489,1756151619133728,175;6;15;16;191;337;28
87,2490,287200168,287;200;168
87,2491,180214716913,180;2;1;47;169;13
87,2492,318328322,318;328;322
87,2493,26043927,260;4;39;27
87,2494,146324266,146;324;266
87,2495,37,3;7
87,2496,30013811119433728,300;138;111;194;337;28
87,2497,2308267,2;308;267
87,2498,18241,182;41
87,2499,338206,338;206
87,2500,312222925290350,3;122;229;25;290;350
87,2501,222429419754,2;224;294;197;54
87,2502,48319332,48;319;332
87,2503,423140270,42;31;40;270
87,2504,2611471828013,261;147;18;280;13
87,2505,485332,48;5;332
87,2506,184101291,184;101;291
87,2507,2044219323296238,204;42;19;323;296;238
87,2508,2864033,286;40;33
87,2509,1264331940166,126;43;319;40;166
87,2510,48225104519218,48;2;251;0;45;19;218
87,2511,1464195,146;4;195
87,2512,20538,20;53;8
87,2513,12841,128;41
87,2514,1164224551337321,116;42;245;51;337;321
88,2515,1801951782968,180;195;178;296;8
88,2516,14526,145;26
88,2517,339471601112,339;47;160;11;12
88,2518,301411438,301;41;14;38
88,2519,229,2;29
88,2520,224194,224;194
88,2521,22655141,226;55;141
88,2522,2892318101,289;231;8;101
88,2523,2113218222541158206,21;132;182;225;41;158;206
88,2524,4810185342,48;10;185;342
88,2525,55140274,55;140;274
88,2526,5515,55;15
88,2527,276254,276;254
88,2528,125261322319,125;261;32;231;9
88,2529,361235634123350,3;6;123;56;341;233;50
89,2530,43269,43;269
89,2531,36346100,36;346;100
89,2532,25323,2;5;323
89,2533,3261115234131412,3;261;115;234;13;14;12
89,2534,16308292,163;0;8;292
89,2535,4912520311419317,49;125;203;114;19;317
89,2536,2221834340165156100,222;183;43;40;165;156;100
89,2537,27837024,278;370;24
89,2538,49355133177,49;355;133;177
89,2539,132452341327256,132;45;234;13;27;256
89,2540,201533354,20;153;33;54
89,2541,2513023165428,251;302;316;54;28
89,2542,114297368347,114;297;368;347
89,2543,4231,42;31
89,2544,3523219419714,352;32;194;197;14
89,2545,1022456342,10;224;56;342
89,2546,413929229,41;39;292;29
89,2547,5835951231,58;359;51;231
89,2548,2185429029,218;54;290;29
89,2549,117037783452829,117;0;377;8;345;28;29
89,2550,3792781222228,379;278;122;22;28
89,2551,22536822923434338,225;368;229;234;343;38
89,2552,302301,302;301
89,2553,2254141,22;54;141
89,2554,14019739,1;40;197;39
89,2555,19864635219333334,198;6;46;35;219;333;334
89,2556,59319160232,59;319;160;232
89,2557,37813140273,378;13;140;273
89,2558,58105,58;105
89,2559,1505844,150;58;44
89,2560,212775522285,21;277;55;22;285
89,2561,1933223,19;332;23
89,2562,03163599824750,0;316;359;9;8;247;50
89,2563,1946392811,19;46;39;28;11
89,2564,5929324101154,59;293;24;101;154
90,2565,21426,21;4;26
90,2566,244326235,244;326;235
90,2567,182200915265,182;200;9;15;265
90,2568,3247361854140,32;47;36;18;54;140
90,2569,43184343206,43;184;343;206
90,2570,2621937234,262;19;372;34
90,2571,49482331536228,49;48;23;315;362;28
90,2572,2022617,202;261;7
90,2573,19296193,19;296;193
90,2574,656,6;56
90,2575,1804257368294266,180;42;57;368;294;266
90,2576,2211283625322,221;128;36;25;322
90,2577,2112722221345116,21;127;222;213;4;51;16
90,2578,42258173812,42;258;17;38;12
90,2579,2621033827719829747,262;10;338;277;198;297;47
90,2580,2764556159,276;45;56;159
90,2581,4039283,40;39;283
90,2582,58367,58;367
90,2583,17048471592529538,170;48;47;159;25;295;38
90,2584,4255323195129,42;55;323;195;129
90,2585,58121197350,58;121;197;350
90,2586,492014857123336,49;20;148;57;123;336
90,2587,21217,212;17
90,2588,1255847562218916,125;58;47;56;22;189;16
90,2589,18124028538,181;240;285;38
90,2590,3005515312,300;55;15;312
90,2591,2202026336432,220;20;263;364;32
90,2592,252189248,252;189;248
90,2593,127813012,127;8;130;12
90,2594,574146129271,57;41;46;129;271
91,2595,4530537752348282,45;30;5;377;52;348;282
91,2596,30728,307;28
91,2597,2030454321837154,20;30;45;43;218;37;154
91,2598,144035850,144;0;358;50
91,2599,3277104729014,3;277;10;47;290;14
91,2600,245178533339,245;178;53;33;39
91,2601,647269196,6;47;269;196
91,2602,491354371372,49;1;354;371;372
91,2603,3414,34;14
91,2604,45198375319326154,45;198;375;31;9;326;154
91,2605,27754716,277;5;47;16
91,2606,472229354,47;22;293;54
91,2607,321735233114,32;173;52;331;14
91,2608,3302299551712,3;302;299;55;17;12
91,2609,2354353158131237,2;354;35;315;8;131;237
91,2610,288144291,288;144;291
91,2611,7369,7;369
91,2612,34914022178270,349;1;40;22;178;270
91,2613,14655201511550246,146;55;201;51;15;50;246
91,2614,15212218268,152;122;18;268
91,2615,3735653,3;7;356;53
91,2616,37722244270,377;22;244;270
92,2617,34951310,3;49;51;310
92,2618,311872702629,31;187;270;26;29
92,2619,311531834016,3;115;318;340;16
92,2620,1143545629,114;354;56;29
92,2621,1801863145121839,180;186;314;51;218;39
92,2622,584237740,58;42;377;40
92,2623,19166191,19;166;191
92,2624,5713920134313321,57;139;201;34;313;321
92,2625,207347,207;347
92,2626,17283,17;283
92,2627,275350,275;350
92,2628,1633542227,163;354;22;27
92,2629,210190,210;190
92,2630,4017140,40;17;140
92,2631,4315333433450,4;315;33;34;334;50
92,2632,3393194436114031112,339;319;44;361;140;311;12
92,2633,4958315235028,49;58;31;52;350;28
92,2634,126177,126;177
92,2635,127305522343335,127;30;55;22;343;335
92,2636,319282,319;282
92,2637,323343,323;343
92,2638,250263242154,250;263;242;154
92,2639,59325,59;325
92,2640,15119541632037237,151;19;54;16;320;37;237
92,2641,20210425274,202;104;25;274
92,2642,22231309193,22;231;309;193
92,2643,33946372192,339;46;372;192
92,2644,197336,197;336
92,2645,213014432314342141,21;301;44;32;314;342;141
92,2646,4232362965411,42;32;36;296;54;11
92,2647,15913615246,1;59;136;15;246
92,2648,493651503394540,49;365;150;339;45;40
92,2649,304299196,304;299;196
92,2650,241435028,24;14;350;28
92,2651,144112194141,144;112;194;141
92,2652,214401412,214;40;14;12
92,2653,12645185,126;45;185
92,2654,32834337360,328;343;37;360
92,2655,14742,147;42
92,2656,204329292209,204;32;9;292;209
93,2657,116128160335,116;128;160;335
93,2658,287215,287;215
93,2659,215821419428,2;1;58;214;194;28
93,2660,2120298403927,21;20;298;40;39;27
93,2661,21485763537037,21;48;57;6;35;370;37
93,2662,6242,6;242
93,2663,1802232784719551,180;223;278;47;195;51
93,2664,10712226712,10;7;122;267;12
93,2665,30423534290,30;42;35;34;290
93,2666,1454528,145;45;28
93,2667,21481122231334142,21;48;112;22;313;34;142
93,2668,43228233,43;228;233
93,2669,15232,152;32
93,2670,2390377294310346,239;0;377;294;310;346
93,2671,22974165,2;297;4;165
93,2672,04015,0;40;15
93,2673,21485817311,21;48;58;17;311
93,2674,1744017543738360,174;40;17;54;37;38;360
93,2675,10455513267247,10;45;55;13;267;247
93,2676,12633833,126;338;33
93,2677,173179194,173;179;194
93,2678,145927,145;9;27
93,2679,25,2;5
93,2680,239372141,239;372;141
93,2681,4319181527,43;19;18;15;27
93,2682,2212108,221;210;8
93,2683,1534723,153;47;23
94,2684,211745118362737,21;174;51;18;36;27;37
94,2685,29925836,299;258;36
94,2686,647172933927112,6;47;17;293;39;271;12
94,2687,3664655353911,366;46;55;35;39;11
94,2688,562323634,56;232;36;34
94,2689,22027829212264,2;20;278;292;12;264
94,2690,35212014,3;52;120;14
94,2691,318236,318;236
94,2692,14419340824212,144;19;340;8;242;12
94,2693,15935635952342208,1;59;356;359;52;342;208
94,2694,52102156,52;102;156
94,2695,21040370333,210;40;370;333
94,2696,2634524,263;45;24
94,2697,221216319238,2;212;163;192;38
94,2698,49410527039,49;4;105;270;39
94,2699,27934139,279;341;39
94,2700,53254283,53;254;283
94,2701,158112523637,1;58;112;52;36;37
95,2702,105428539208,10;54;285;39;208
95,2703,143363315176236193,143;363;315;176;236;193
95,2704,2101381033426235,21;0;138;103;34;26;235
95,2705,104431739322,10;44;317;39;322
95,2706,415155,41;5;155
95,2707,493634724532537193,49;363;47;245;325;37;193
95,2708,18234,182;34
95,2709,36505518235347282,365;0;55;18;235;347;282
95,2710,68285,6;8;285
95,2711,34930,349;30
95,2712,379746,379;7;46
95,2713,19522823292209,195;228;23;292;209
95,2714,21551710325,21;55;17;103;25
95,2715,491261303329,49;126;1;30;33;29
95,2716,35523223268,355;232;23;268
95,2717,2261033927,226;103;39;27
95,2718,348,34;8
95,2719,25129414362,251;294;14;362
95,2720,3125,31;25
95,2721,125210552,125;210;5;52
95,2722,10151456308,10;151;45;6;308
95,2723,57194,57;19;4
95,2724,2875123,287;51;23
95,2725,27773591435050,277;7;359;14;350;50
95,2726,125,1;25
95,2727,2620591102961512,262;0;59;110;296;15;12
95,2728,102226340,10;222;6;340
96,2729,251286573283525914,251;286;57;328;35;259;14
96,2730,1224723,122;47;23
96,2731,3523041792538,352;304;179;25;38
96,2732,226200221723,226;200;22;17;23
96,2733,2573233168,2;57;32;33;168
96,2734,222594319259,222;59;43;19;259
96,2735,152595634051,152;59;56;340;51
96,2736,21146252139238,21;146;252;139;238
96,2737,11627658329265,116;276;58;32;9;265
96,2738,10736165118,107;36;165;118
96,2739,27519196360,275;19;196;360
96,2740,491341162326732150,49;134;116;23;267;321;50
96,2741,17120559571872416,171;205;59;57;187;24;16
96,2742,465292738,46;52;9;27;38
96,2743,279725854,279;7;258;54
96,2744,1019847,10;198;47
96,2745,43272,43;272
96,2746,173553713638,173;55;371;36;38
96,2747,149167,149;167
96,2748,2015728,20;157;28
96,2749,20112160230372165,20;112;160;230;372;165
96,2750,3534835516330242,353;48;355;163;30;242
96,2751,16230144330828513,162;301;44;330;8;285;13
96,2752,36615237814514932533,366;152;378;145;149;325;33
96,2753,5811364306,58;113;6;4;306
96,2754,15205736835347,152;0;57;368;35;347
96,2755,1313095029,131;309;50;29
96,2756,252327333,252;327;333
96,2757,2308348,2;308;348
97,2758,35524423634632150,355;244;236;346;321;50
97,2759,1737,17;37
97,2760,349153425622,3;49;153;42;56;22
97,2761,172107,172;107
97,2762,2229256209,2;22;9;256;209
97,2763,134250229,134;250;229
97,2764,454717812,45;47;178;12
97,2765,1341283123081654119,134;128;312;308;16;54;119
97,2766,3004019524254,300;40;195;242;54
97,2767,4935935823120,49;359;358;23;120
97,2768,10215585533750,10;215;58;5;53;37;50
97,2769,4336246,4;336;246
97,2770,338596237,338;59;6;237
97,2771,1044227,10;44;227
97,2772,45173081429,45;17;308;14;29
97,2773,2012255235,20;122;55;235
97,2774,2044376,20;44;376
97,2775,24354,243;54
97,2776,494324190247,49;43;24;190;247
97,2777,2202603283626729,220;260;328;36;267;29
97,2778,44373,44;373
97,2779,1261322791071953516,126;132;279;107;195;35;16
97,2780,494026511,49;40;265;11
97,2781,4810,48;10
97,2782,228372,228;372
97,2783,213811022249292154,2;138;110;22;249;292;154
97,2784,2762791937253236,276;279;19;372;53;236
97,2785,513718813165237,5;137;188;13;165;237
97,2786,49352304215927209,49;352;30;42;159;27;209
97,2787,1941824,194;18;24
97,2788,245166,245;166
97,2789,29721517538,297;215;175;38
97,2790,14751,147;51
97,2791,534046372,5;340;46;372
97,2792,225115102141,22;51;15;102;141
97,2793,26258160209,262;58;160;209
97,2794,3661332013925612,366;133;201;39;256;12
97,2795,7174284291,7;174;284;291
98,2796,526246264,5;26;246;264
98,2797,20181230131,20;181;230;131
98,2798,58192,58;192
98,2799,161332112819350,161;332;11;28;193;50
98,2800,3013928438,30;139;284;38
98,2801,5975732,59;7;57;32
98,2802,1162063934614266,116;206;39;346;14;266
98,2803,2338,23;38
98,2804,14421011,144;210;11
98,2805,1982932431112,198;293;24;311;12
98,2806,3181733157248,318;17;33;157;248
98,2807,225317107,225;317;107
98,2808,2891175118208,289;1;175;118;208
98,2809,4222361891350,42;22;36;189;13;50
98,2810,250313513,250;31;35;13
98,2811,432983326,43;298;33;26
98,2812,353164215434229256,353;164;215;43;4;229;256
98,2813,757368306345348,7;57;368;306;345;348
98,2814,125223183933729,125;2;23;18;39;337;29
98,2815,1711845537253,171;184;55;372;53
98,2816,4319,43;19
98,2817,123242336,123;242;336
98,2818,1450201318,145;0;201;31;8
98,2819,2393057185,239;30;57;185
98,2820,1284234134,128;42;341;34
98,2821,22012151,220;121;51
98,2822,54131322,54;131;322
98,2823,51926538,51;9;265;38
98,2824,43106191,43;106;191
98,2825,10724526,107;245;26
98,2826,431434183733912,4;314;341;8;373;39;12
98,2827,1432031451045,143;203;145;10;45
98,2828,3251196,32;51;196
98,2829,275114367173128166,275;114;367;17;312;8;166
98,2830,20222112255328512,202;221;122;5;53;285;12
99,2831,22131623,221;316;23
99,2832,44413237634314,44;41;32;376;343;14
99,2833,37118727,371;187;27
99,2834,01744310,0;174;4;310
99,2835,23926011326438,239;260;113;264;38
99,2836,3294624310,329;46;24;310
99,2837,2057350193,20;57;350;193
99,2838,11412212,114;122;12
99,2839,31733,3;17;33
99,2840,29735348,297;35;348
99,2841,30536,305;36
99,2842,5403534625629,5;40;35;346;256;29
99,2843,1639253,16;39;253
99,2844,278535,278;5;35
99,2845,43326247,43;326;247
99,2846,250111105336291264,250;111;105;336;291;264
99,2847,56412322313191190,56;41;232;23;13;191;190
99,2848,262218,262;218
99,2849,4958,49;58
99,2850,30425191321,30;4;25;191;321
99,2851,20251105,202;51;105
99,2852,2891814615285284141,289;181;46;15;285;284;141
99,2853,2313,23;13
99,2854,2983043582322211,298;304;358;232;22;11
99,2855,41293,41;293
100,2856,4326,43;26
100,2857,105118141,105;118;141
100,2858,511538,51;15;38
100,2859,15356221882737,153;56;22;188;27;37
100,2860,33927054,339;270;54
100,2861,1916154,19;16;154
100,2862,4818524337350,48;185;243;37;350
100,2863,4322828529050,43;228;285;290;50
100,2864,1633024516373,163;30;245;16;373
100,2865,335,3;35
100,2866,4221732628273,42;217;326;28;273
100,2867,30112148181429,30;112;148;18;14;29
100,2868,11726337335,117;26;337;335
100,2869,1815524336,181;55;24;336
100,2870,22309,22;309
100,2871,29730623154,297;306;23;154
100,2872,2426,24;26
100,2873,135286216234,135;286;216;234
100,2874,4232338,42;323;38
100,2875,32202391631112,3;220;239;16;311;12
100,2876,1162511919628,116;251;19;196;28
100,2877,371259254,371;259;254
100,2878,24425,244;25
100,2879,17331,17;331
100,2880,46367,46;367
100,2881,369531510135028,369;53;15;101;350;28
100,2882,42189,42;189
100,2883,573516827,57;35;16;8;27
100,2884,55168192,55;168;192
100,2885,202114355174222611,202;114;355;174;22;26;11
100,2886,29824229,298;242;29
100,2887,215517222439,215;5;17;22;24;39
